9.000000000000000000e+02,-3.187610666160680677e-152,-3.702305379943217547e-173
9.050000000000000000e+02,-1.417335017760440774e-149,-2.510373638097515448e-170
9.100000000000000000e+02,-5.955279208799179288e-147,-1.608022923310557273e-167
9.150000000000000000e+02,-2.364580497087544689e-144,-9.730350576100797909e-165
9.200000000000000000e+02,-8.872141168401237651e-142,-5.562134147496284273e-162
9.250000000000000000e+02,-3.145756832798261943e-139,-3.003482871336973293e-159
9.300000000000000000e+02,-1.054008756214655670e-136,-1.532051092269529074e-156
9.350000000000000000e+02,-3.337226274700858212e-134,-7.382084418360949050e-154
9.400000000000000000e+02,-9.985031860988876581e-132,-3.359969279509517590e-151
9.450000000000000000e+02,-2.823160840009027987e-129,-1.444556643810936767e-148
9.500000000000000000e+02,-7.543000793418342611e-127,-5.866360741659587813e-146
9.550000000000000000e+02,-1.904474015379331147e-124,-2.250242411141455021e-143
9.600000000000000000e+02,-4.543895301745146134e-122,-8.152805122673105626e-141
9.650000000000000000e+02,-1.024481091587395844e-119,-2.789923421126882871e-138
9.700000000000000000e+02,-2.182739690268625373e-117,-9.017259090885213314e-136
9.750000000000000000e+02,-4.394629954885638967e-115,-2.752597450418063625e-133
9.800000000000000000e+02,-8.361131348366731739e-113,-7.935691733476413383e-131
9.850000000000000000e+02,-1.503246320014638210e-110,-2.160667627406407545e-128
9.900000000000000000e+02,-2.553980767853929316e-108,-5.555695317196059389e-126
9.950000000000000000e+02,-4.100411725034116354e-106,-1.349028962219256856e-123
1.000000000000000000e+03,-6.220992573563146358e-104,-3.093288738442271476e-121
1.005000000000000000e+03,-8.918961157913427828e-102,-6.697590720162587860e-119
1.010000000000000000e+03,-1.208345801474716074e-99,-1.369294529295764381e-116
1.015000000000000000e+03,-1.547000946410623213e-97,-2.643229090799552213e-114
1.020000000000000000e+03,-1.871596829532801623e-95,-4.817371342950002857e-112
1.025000000000000000e+03,-2.139717331835488785e-93,-8.288930805826855278e-110
1.030000000000000000e+03,-2.311654333654842876e-91,-1.346397696412474725e-107
1.035000000000000000e+03,-2.359998745985374521e-89,-2.064455149185350882e-105
1.040000000000000000e+03,-2.276790363869593621e-87,-2.987876453225347679e-103
1.045000000000000000e+03,-2.075662391355006689e-85,-4.081402242915765686e-101
1.050000000000000000e+03,-1.788186426668183242e-83,-5.261461385166083152e-99
1.055000000000000000e+03,-1.455765037445429672e-81,-6.400439956434180543e-97
1.060000000000000000e+03,-1.119933402935874411e-79,-7.346336813448258821e-95
1.065000000000000000e+03,-8.141708404762644729e-78,-7.954897456171170255e-93
1.070000000000000000e+03,-5.593212705993398308e-76,-8.125298025441290228e-91
1.075000000000000000e+03,-3.631027911968942705e-74,-7.827354676982364920e-89
1.080000000000000000e+03,-2.227513358153636332e-72,-7.110203906695517452e-87
1.085000000000000000e+03,-1.291319013541046446e-70,-6.089044539999038088e-85
1.090000000000000000e+03,-7.074069099944116959e-69,-4.914858685137135217e-83
1.095000000000000000e+03,-3.662078103113778522e-67,-3.738052741858437142e-81
1.100000000000000000e+03,-1.791465688654893408e-65,-2.677990976326418568e-79
1.105000000000000000e+03,-8.281557381160357143e-64,-1.806478740053690114e-77
1.110000000000000000e+03,-3.617747175498903075e-62,-1.146871195560028019e-75
1.115000000000000000e+03,-1.493437821540065264e-60,-6.848738279572609933e-74
1.120000000000000000e+03,-5.825844404968189572e-59,-3.844344501537019427e-72
1.125000000000000000e+03,-2.147600524342903968e-57,-2.026653388243036433e-70
1.130000000000000000e+03,-7.481197179494316521e-56,-1.002338404310661028e-68
1.135000000000000000e+03,-2.462701618018650563e-54,-4.644342086719638735e-67
1.140000000000000000e+03,-7.660828132199272960e-53,-2.012395482060659217e-65
1.145000000000000000e+03,-2.251972237331827336e-51,-8.133934559243797435e-64
1.150000000000000000e+03,-6.255671353146048824e-50,-3.056073262133335555e-62
1.155000000000000000e+03,-1.642134109607828392e-48,-1.061840355506502959e-60
1.160000000000000000e+03,-4.073496920139808143e-47,-3.384381958069024735e-59
1.165000000000000000e+03,-9.548838599290836231e-46,-9.760559839752133846e-58
1.170000000000000000e+03,-2.115234300180628050e-44,-2.481282738281005854e-56
1.175000000000000000e+03,-4.427836976422699419e-43,-5.232230035206260304e-55
1.180000000000000000e+03,-8.758919024568984224e-42,-7.419257038969357112e-54
1.185000000000000000e+03,-1.637328334043476246e-40,3.416690960161138303e-53
1.190000000000000000e+03,-2.892332185976927401e-39,7.731768649894220355e-51
1.195000000000000000e+03,-4.828237015151916307e-38,3.750950856392456299e-49
1.200000000000000000e+03,-7.616545973731344016e-37,1.342742282751853033e-47
1.205000000000000000e+03,-1.135423524627503202e-35,4.079321925549190022e-46
1.210000000000000000e+03,-1.599519491483344526e-34,1.102301542126524836e-44
1.215000000000000000e+03,-2.129387944500408942e-33,2.706969221130989774e-43
1.220000000000000000e+03,-2.678895447165778904e-32,6.112387406207013366e-42
1.225000000000000000e+03,-3.184893902681476664e-31,1.278031805579802617e-40
1.230000000000000000e+03,-3.578288858741739428e-30,2.485754810646983093e-39
1.235000000000000000e+03,-3.799273874653687699e-29,4.511444155230949625e-38
1.240000000000000000e+03,-3.812192446826687987e-28,7.657318661380597953e-37
1.245000000000000000e+03,-3.614956525656995779e-27,1.217438927717950135e-35
1.250000000000000000e+03,-3.239599945044166918e-26,1.815329061176858181e-34
1.255000000000000000e+03,-2.743764710946131607e-25,2.540991631471139060e-33
1.260000000000000000e+03,-2.196231041894169837e-24,3.341176984329181416e-32
1.265000000000000000e+03,-1.661479471370378178e-23,4.129349550494506866e-31
1.270000000000000000e+03,-1.187981771839213944e-22,4.798785300498779227e-30
1.275000000000000000e+03,-8.028543518653731790e-22,5.245471974404351973e-29
1.280000000000000000e+03,-5.128531558360882382e-21,5.394349930320049258e-28
1.285000000000000000e+03,-3.096698479626207549e-20,5.219862318682544155e-27
1.290000000000000000e+03,-1.767578260155957133e-19,4.753108224018635361e-26
1.295000000000000000e+03,-9.538081938937324961e-19,4.072854975800393747e-25
1.300000000000000000e+03,-4.866093000690724186e-18,3.283953747461844105e-24
1.305000000000000000e+03,-2.347348049160051590e-17,2.491236802873428671e-23
1.310000000000000000e+03,-1.070781187072663078e-16,1.777712539965571254e-22
1.315000000000000000e+03,-4.619634408866904929e-16,1.192904594226476173e-21
1.320000000000000000e+03,-1.885238129386153196e-15,7.524357391295712554e-21
1.325000000000000000e+03,-7.278754972229016504e-15,4.458780988755139804e-20
1.330000000000000000e+03,-2.659348769610144958e-14,2.480474823829801823e-19
1.335000000000000000e+03,-9.196712305850677667e-14,1.294244024287795168e-18
1.340000000000000000e+03,-3.011341427154288089e-13,6.325826313264343276e-18
1.345000000000000000e+03,-9.339211870819700621e-13,2.891393084807284702e-17
1.350000000000000000e+03,-2.744481359463936973e-12,1.233047497137909192e-16
1.355000000000000000e+03,-7.645637461707364551e-12,4.889997275889161689e-16
1.360000000000000000e+03,-2.020236721423230975e-11,1.794680660386026802e-15
1.365000000000000000e+03,-5.066251668177051430e-11,6.049664300009078793e-15
1.370000000000000000e+03,-1.206580317038593900e-10,1.849337219561810228e-14
1.375000000000000000e+03,-2.731021056917913986e-10,5.005518874867901789e-14
1.380000000000000000e+03,-5.879319941659960268e-10,1.136599092594111808e-13
1.385000000000000000e+03,-1.204776702800994268e-09,1.820479570458683108e-13
1.390000000000000000e+03,-2.351824169854015047e-09,-7.734289709427614903e-15
1.395000000000000000e+03,-4.376670333044460956e-09,-1.642266575868162475e-12
1.400000000000000000e+03,-7.769739104777655234e-09,-8.874714878364314242e-12
1.405000000000000000e+03,-1.316486862812017555e-08,-3.413104065799680160e-11
1.410000000000000000e+03,-2.129714997255570922e-08,-1.103247232613699896e-10
1.415000000000000000e+03,-3.289893461833532978e-08,-3.158289775615394241e-10
1.420000000000000000e+03,-4.852589445654539167e-08,-8.194944696581634637e-10
1.425000000000000000e+03,-6.832968169348159495e-08,-1.950762165185173087e-09
1.430000000000000000e+03,-9.183025871075539654e-08,-4.289360318479568354e-09
1.435000000000000000e+03,-1.177770569603421736e-07,-8.745487278359724048e-09
1.440000000000000000e+03,-1.441988044087142917e-07,-1.656418854158598334e-08
1.445000000000000000e+03,-1.686958632199699267e-07,-2.914616002019002931e-08
1.450000000000000000e+03,-1.889074431523707230e-07,-4.755427632990817478e-08
1.455000000000000000e+03,-2.029090493103456454e-07,-7.160280497151437798e-08
1.460000000000000000e+03,-2.091381813863183314e-07,-9.853005346013455815e-08
1.465000000000000000e+03,-2.054224232834481911e-07,-1.214307745327539433e-07
1.470000000000000000e+03,-1.868852961926140587e-07,-1.278197971110471515e-07
1.475000000000000000e+03,-1.429178046369436433e-07,-9.881557827506878210e-08
1.480000000000000000e+03,-5.385800720812297374e-08,-9.358339271573197873e-09
1.485000000000000000e+03,1.117661790432082067e-07,1.704705988715767485e-07
1.490000000000000000e+03,3.988557133765450815e-07,4.735905530347247925e-07
1.495000000000000000e+03,8.664537483825645713e-07,9.348954819153401781e-07
1.500000000000000000e+03,1.588841443278340345e-06,1.593198548458586681e-06
1.505000000000000000e+03,2.659086781546738055e-06,2.498686323108001299e-06
1.510000000000000000e+03,4.197129224364595314e-06,3.728112242502437157e-06
1.515000000000000000e+03,6.363557899244825771e-06,5.408744191968343617e-06
1.520000000000000000e+03,9.378712238438263545e-06,7.750109776555913249e-06
1.525000000000000000e+03,1.354531739809420313e-05,1.108040690827100639e-05
1.530000000000000000e+03,1.927224705074074651e-05,1.588278306729096713e-05
1.535000000000000000e+03,2.709731474848021377e-05,2.282591132102979115e-05
1.540000000000000000e+03,3.770750963654624481e-05,3.278302019984079063e-05
1.545000000000000000e+03,5.195447203048000163e-05,4.683276952989149776e-05
1.550000000000000000e+03,7.086012992721255283e-05,6.623341848141663492e-05
1.555000000000000000e+03,9.560248882147655248e-05,9.235946206382311772e-05
1.560000000000000000e+03,1.274667658441431639e-04,1.265901943787030943e-04
1.565000000000000000e+03,1.677461056445224028e-04,1.701461643381639609e-04
1.570000000000000000e+03,2.175825746979009943e-04,2.238839092473449480e-04
1.575000000000000000e+03,2.777541316041307615e-04,2.880786690767871811e-04
1.580000000000000000e+03,3.484338966967654404e-04,3.622409714598470829e-04
1.585000000000000000e+03,4.289675503648626665e-04,4.450163685065935222e-04
1.590000000000000000e+03,5.177248193044520870e-04,5.342026876986972561e-04
1.595000000000000000e+03,6.120754900190501953e-04,6.268891643381878549e-04
1.600000000000000000e+03,7.085179613766477572e-04,7.196884976529905513e-04
1.605000000000000000e+03,8.029539261185791995e-04,8.090106740963881734e-04
1.610000000000000000e+03,8.910662562856163553e-04,8.913254296074392445e-04
1.615000000000000000e+03,9.687304048986512860e-04,9.633771773211423231e-04
1.620000000000000000e+03,1.032382407505850769e-03,1.022341787485425355e-03
1.625000000000000000e+03,1.079282633519572723e-03,1.065936060220962732e-03
1.630000000000000000e+03,1.107648958216782969e-03,1.092500029197984680e-03
1.635000000000000000e+03,1.116673031036483597e-03,1.101068837327019755e-03
1.640000000000000000e+03,1.106462320732452429e-03,1.091439569142808874e-03
1.645000000000000000e+03,1.077956325919423751e-03,1.064224838021362056e-03
1.650000000000000000e+03,1.032846637994234724e-03,1.020873343361104789e-03
1.655000000000000000e+03,9.734991305056816310e-04,9.636312000385683415e-04
1.660000000000000000e+03,9.028510865083951530e-04,8.954199122721033998e-04
1.665000000000000000e+03,8.242516453020470608e-04,8.196201515044497900e-04
1.670000000000000000e+03,7.412332500584554919e-04,7.397742970259287097e-04
1.675000000000000000e+03,6.572338101954166298e-04,6.592485628933476838e-04
1.680000000000000000e+03,5.753163848934110666e-04,5.809165139729639132e-04
1.685000000000000000e+03,4.979415688247720156e-04,5.069294071833712603e-04
1.690000000000000000e+03,4.268347222910162902e-04,4.386208956957910539e-04
1.695000000000000000e+03,3.629638446971557558e-04,3.765590723535559782e-04
1.700000000000000000e+03,3.066167563171595689e-04,3.207195912113244883e-04
1.705000000000000000e+03,2.575478619020618262e-04,2.707234813376271487e-04
1.710000000000000000e+03,2.151580366687800075e-04,2.260721441289231652e-04
1.715000000000000000e+03,1.786736251075680731e-04,1.863223802399271327e-04
1.720000000000000000e+03,1.472979881905772822e-04,1.511708675628664134e-04
1.725000000000000000e+03,1.203184457815241709e-04,1.204498084092231198e-04
1.730000000000000000e+03,9.716150419363226603e-05,9.406191468395209445e-05
1.735000000000000000e+03,7.739921780895547799e-05,7.189523672738041670e-05
1.740000000000000000e+03,6.071824309363134907e-05,5.375452941118998371e-05
1.745000000000000000e+03,4.686891306524230960e-05,3.933031286879063988e-05
1.750000000000000000e+03,3.561304784408730000e-05,2.820779274930169895e-05
1.755000000000000000e+03,2.668590247662035067e-05,1.990335052334493731e-05
1.760000000000000000e+03,1.978078905537804710e-05,1.391069219023773198e-05
1.765000000000000000e+03,1.455676787998456586e-05,9.741488706494472568e-06
1.770000000000000000e+03,1.066293027792056773e-05,6.952671953792575244e-06
1.775000000000000000e+03,7.769087143272937230e-06,5.160002075008423476e-06
1.780000000000000000e+03,5.592748726243089754e-06,4.042104286859539707e-06
1.785000000000000000e+03,3.915399346557857366e-06,3.340122933532123117e-06
1.790000000000000000e+03,2.585613798604227290e-06,2.856429402545393943e-06
1.795000000000000000e+03,1.510764075268926842e-06,2.453146528085428856e-06
1.800000000000000000e+03,6.416880809507291501e-07,2.049158021793756145e-06
1.805000000000000000e+03,-4.464483322918325644e-08,1.613639176612773615e-06
1.810000000000000000e+03,-5.603484260355835029e-07,1.155041350201578408e-06
1.815000000000000000e+03,-9.173011486305000092e-07,7.062633316564287087e-07
1.820000000000000000e+03,-1.132638636351654554e-06,3.084784101715304414e-07
1.825000000000000000e+03,-1.229735006504778262e-06,-3.098197886671840690e-09
1.830000000000000000e+03,-1.236106170330406217e-06,-2.086801817474491974e-07
1.835000000000000000e+03,-1.179891165744345823e-06,-3.072834349688691064e-07
1.840000000000000000e+03,-1.086379975051230438e-06,-3.144901759744018261e-07
1.845000000000000000e+03,-9.755965916443092130e-07,-2.565159566978426699e-07
1.850000000000000000e+03,-8.613653166440936922e-07,-1.630599729722415527e-07
1.855000000000000000e+03,-7.517484267382811690e-07,-6.110357303550006598e-08
1.860000000000000000e+03,-6.503829317834414945e-07,2.906220958972387214e-08
1.865000000000000000e+03,-5.581285031866195214e-07,9.530594817947777466e-08
1.870000000000000000e+03,-4.745378003321376855e-07,1.331106937732594527e-07
1.875000000000000000e+03,-3.988755717712493429e-07,1.438517894853791400e-07
1.880000000000000000e+03,-3.306336416001295293e-07,1.326991270180558838e-07
1.885000000000000000e+03,-2.696421645919213269e-07,1.066827194800664210e-07
1.890000000000000000e+03,-2.159429251369772012e-07,7.315793598598175541e-08
1.895000000000000000e+03,-1.695849415028007069e-07,3.869758604878689469e-08
1.900000000000000000e+03,-1.304562387220008026e-07,8.361985526849335771e-09
1.905000000000000000e+03,-9.820569526180289361e-08,-1.468754042393472378e-08
1.910000000000000000e+03,-7.225560242270512937e-08,-2.923790078203542543e-08
1.915000000000000000e+03,-5.187209783924921477e-08,-3.575457325175990153e-08
1.920000000000000000e+03,-3.625169697510128651e-08,-3.586735123125978958e-08
1.925000000000000000e+03,-2.459305686756140805e-08,-3.174737010781941792e-08
1.930000000000000000e+03,-1.614235714221624408e-08,-2.553392845932915146e-08
1.935000000000000000e+03,-1.021639856615533114e-08,-1.893531986416678225e-08
1.940000000000000000e+03,-6.213553738896901327e-09,-1.305382263525125669e-08
1.945000000000000000e+03,-3.620251504358133661e-09,-8.407866299515666209e-09
1.950000000000000000e+03,-2.015112861803548217e-09,-5.075988887444753249e-09
1.955000000000000000e+03,-1.069075506978621534e-09,-2.878654032168553386e-09
1.960000000000000000e+03,-5.395495107018996130e-10,-1.535865263293795118e-09
1.965000000000000000e+03,-2.586409302915747604e-10,-7.717648473013089059e-10
1.970000000000000000e+03,-1.176188129984139941e-10,-3.655369346127617616e-10
1.975000000000000000e+03,-5.069419583758215648e-11,-1.632861021886762249e-10
1.980000000000000000e+03,-2.069308830661027902e-11,-6.882283469081457225e-11
1.985000000000000000e+03,-7.995350399160685605e-12,-2.737969214428374421e-11
1.990000000000000000e+03,-2.922897678582270298e-12,-1.028371720386255796e-11
1.995000000000000000e+03,-1.010690931805163743e-12,-3.647407665529072364e-12
2.000000000000000000e+03,-3.304850026544648736e-13,-1.221795604493788721e-12
2.005000000000000000e+03,-1.021740580651300697e-13,-3.865853038777547405e-13
2.010000000000000000e+03,-2.986292040260605844e-14,-1.155488337578455695e-13
2.015000000000000000e+03,-8.250670885348660208e-15,-3.262805745230941552e-14
2.020000000000000000e+03,-2.154694551388864449e-15,-8.704570300763111799e-15
2.025000000000000000e+03,-5.318685283960592841e-16,-2.194085545493076065e-15
2.030000000000000000e+03,-1.240891988237124026e-16,-5.225469120370876888e-16
2.035000000000000000e+03,-2.736329270330862948e-17,-1.175911478065141424e-16
2.040000000000000000e+03,-5.703012275448810918e-18,-2.500409282268050174e-17
2.045000000000000000e+03,-1.123417137015191722e-18,-5.023913890947125822e-18
2.050000000000000000e+03,-2.091603553402681119e-19,-9.538361337535668849e-19
2.055000000000000000e+03,-3.680621170531995921e-20,-1.711238280625051560e-19
2.060000000000000000e+03,-6.121653514845287311e-21,-2.901055146070504306e-20
2.065000000000000000e+03,-9.623321933186452234e-22,-4.647432988843515953e-21
2.070000000000000000e+03,-1.429857601213457937e-22,-7.035325679858526605e-22
2.075000000000000000e+03,-2.008051541963731375e-23,-1.006400812448560271e-22
2.080000000000000000e+03,-2.665470155708375028e-24,-1.360425796454553150e-23
2.085000000000000000e+03,-3.344198451185435743e-25,-1.737788641090328639e-24
2.090000000000000000e+03,-3.965806746206378102e-26,-2.097674697756454744e-25
2.095000000000000000e+03,-4.445228038532687025e-27,-2.392759804575930184e-26
2.100000000000000000e+03,-4.709566015669880275e-28,-2.579172514747685131e-27
2.105000000000000000e+03,-4.716209432570241599e-29,-2.627135248858317153e-28
2.110000000000000000e+03,-4.464072981510836151e-30,-2.528748053168111009e-29
2.115000000000000000e+03,-3.993887520071266047e-31,-2.300117642400974520e-30
2.120000000000000000e+03,-3.377432906609042680e-32,-1.977042956523528654e-31
2.125000000000000000e+03,-2.699626688484078414e-33,-1.605846012253854265e-32
2.130000000000000000e+03,-2.039605764477923486e-34,-1.232575572888617398e-33
2.135000000000000000e+03,-1.456510062014404490e-35,-8.940157849135959472e-35
2.140000000000000000e+03,-9.831153303210160109e-37,-6.127719406339473055e-36
2.145000000000000000e+03,-6.272171800377292270e-38,-3.968941266384259427e-37
2.150000000000000000e+03,-3.782269908172604944e-39,-2.429252417188407216e-38
2.155000000000000000e+03,-2.155790836704279484e-40,-1.405053383757199013e-39
2.160000000000000000e+03,-1.161391267489609030e-41,-7.679540749221406162e-41
2.165000000000000000e+03,-5.913798187581045793e-43,-3.966431340231261888e-42
2.170000000000000000e+03,-2.846220411563728832e-44,-1.935917833748156196e-43
2.175000000000000000e+03,-1.294740205917820611e-45,-8.928863915989309339e-45
2.180000000000000000e+03,-5.566814351007715620e-47,-3.891596496298774292e-46
2.185000000000000000e+03,-2.262240149744714925e-48,-1.602808842714959747e-47
2.190000000000000000e+03,-8.689131327896197839e-50,-6.238181264889985191e-49
2.195000000000000000e+03,-3.154405325500858085e-51,-2.294333734465619907e-50
2.200000000000000000e+03,-1.082330476349255122e-52,-7.974023971224182936e-52
2.205000000000000000e+03,-3.509952955244103127e-54,-2.618911558070222154e-53
2.210000000000000000e+03,-1.075819678273530312e-55,-8.128052127601663431e-55
2.215000000000000000e+03,-3.116536530143861281e-57,-2.383825619746027488e-56
2.220000000000000000e+03,-8.532912501454424622e-59,-6.606703893590751508e-58
2.225000000000000000e+03,-2.208068276773523944e-60,-1.730284672041584829e-59
2.230000000000000000e+03,-5.400272412573247528e-62,-4.282256114245921508e-61
2.235000000000000000e+03,-1.248258866884585795e-63,-1.001497976827271943e-62
2.240000000000000000e+03,-2.726951197134087975e-65,-2.213348883260328817e-64
2.245000000000000000e+03,-5.630302330247332815e-67,-4.622448031820056753e-66
2.250000000000000000e+03,-1.098665989075986474e-68,-9.122556486676579881e-68
2.255000000000000000e+03,-2.026176495548154154e-70,-1.701309973392572799e-69
2.260000000000000000e+03,-3.531543433748813769e-72,-2.998283520858198276e-71
2.265000000000000000e+03,-5.817355734595314898e-74,-4.993261501607879223e-73
2.270000000000000000e+03,-9.056463391580622730e-76,-7.858113328600502060e-75
2.275000000000000000e+03,-1.332483363226516896e-77,-1.168623535079607837e-76
2.280000000000000000e+03,-1.852820516307997996e-79,-1.642303175980324251e-78
2.285000000000000000e+03,-2.434846592120858648e-81,-2.180993649610018049e-80
2.290000000000000000e+03,-3.023952072508695838e-83,-2.737019133133352087e-82
2.295000000000000000e+03,-3.549291355528464347e-85,-3.245814004444615253e-84
2.300000000000000000e+03,-3.937044255460854634e-87,-3.637406095398329048e-86
2.305000000000000000e+03,-4.127236337403273331e-89,-3.851964845098067288e-88
2.310000000000000000e+03,-4.088907864832086484e-91,-3.854741005347809092e-90
2.315000000000000000e+03,-3.828360713097903401e-93,-3.645276340118499262e-92
2.320000000000000000e+03,-3.387462995157133296e-95,-3.257527375134694099e-94
2.325000000000000000e+03,-2.832638413997923784e-97,-2.750857258982285527e-96
2.330000000000000000e+03,-2.238521797955682695e-99,-2.195181335038990800e-98
2.335000000000000000e+03,-1.671798382779511651e-101,-1.655370118656529763e-100
2.340000000000000000e+03,-1.179933908934894491e-103,-1.179620158900401522e-102
2.345000000000000000e+03,-7.870123302044509259e-106,-7.943494960241045292e-105
2.350000000000000000e+03,-4.960830344752951040e-108,-5.054793603247381373e-107
2.355000000000000000e+03,-2.956126566644263859e-110,-3.039608108722380827e-109
2.360000000000000000e+03,-2.080031935791748108e-111,-1.727245722637330066e-111
2.365000000000000000e+03,-3.438300296337666065e-109,-9.274980850530964288e-114
2.370000000000000000e+03,-5.837672390993898374e-107,-4.706459021346456677e-116
2.375000000000000000e+03,-9.366107003175371570e-105,-2.256825114121008976e-118
2.380000000000000000e+03,-1.420040973778053299e-102,-1.022642634401174312e-120
2.385000000000000000e+03,-2.034534227825242448e-100,-4.378972800593007595e-123
2.390000000000000000e+03,-2.754555262892527210e-98,-1.771915327409889387e-125
2.395000000000000000e+03,-3.524198348004363564e-96,-6.775417262010065731e-128
2.400000000000000000e+03,-4.260804041960911635e-94,-2.448133396843956687e-130
2.405000000000000000e+03,-4.867939176352131611e-92,2.094924964140622567e-132
2.410000000000000000e+03,-5.255585304536427947e-90,8.773162877126028836e-130
2.415000000000000000e+03,-5.361908521872220378e-88,2.481656775176065496e-127
2.420000000000000000e+03,-5.169399248402449179e-86,6.633651833394810058e-125
2.425000000000000000e+03,-4.709590151948318090e-84,1.675678372022586216e-122
2.430000000000000000e+03,-4.054604689063668597e-82,3.999962938158573392e-120
2.435000000000000000e+03,-3.298650369291230280e-80,9.022956834766009119e-118
2.440000000000000000e+03,-2.535983470271753542e-78,1.923400459710249170e-115
2.445000000000000000e+03,-1.842378746432036171e-76,3.874528033584601455e-113
2.450000000000000000e+03,-1.264834712017773606e-74,7.375585610053734643e-111
2.455000000000000000e+03,-8.205612441058107188e-73,1.326793060683949370e-108
2.460000000000000000e+03,-5.030493479604831029e-71,2.255481412620255739e-106
2.465000000000000000e+03,-2.914288510851081957e-69,3.623306810829503277e-104
2.470000000000000000e+03,-1.595426723416320916e-67,5.500487840620825374e-102
2.475000000000000000e+03,-8.253602414237690195e-66,7.890926864685653007e-100
2.480000000000000000e+03,-4.034898285723121129e-64,1.069759214059995417e-97
2.485000000000000000e+03,-1.863991820150316167e-62,1.370489740440006709e-95
2.490000000000000000e+03,-8.137252219526609128e-61,1.659196545570039011e-93
2.495000000000000000e+03,-3.356865317261508544e-59,1.898247186436944737e-91
2.500000000000000000e+03,-1.308616587342894583e-57,2.052301695688144707e-89
2.505000000000000000e+03,-4.820735338218887719e-56,2.096832860589631552e-87
2.510000000000000000e+03,-1.678172196501752722e-54,2.024516382736516884e-85
2.515000000000000000e+03,-5.520547084712572511e-53,1.847201997498671583e-83
2.520000000000000000e+03,-1.716129589250175744e-51,1.592736308324183988e-81
2.525000000000000000e+03,-5.041275186874145998e-50,1.297808451228800381e-79
2.530000000000000000e+03,-1.399436169899264610e-48,9.993449443379103253e-78
2.535000000000000000e+03,-3.671031816699347372e-47,7.272090486397808427e-76
2.540000000000000000e+03,-9.100087471830804659e-46,5.000842110394658584e-74
2.545000000000000000e+03,-2.131696388956044260e-44,3.249885529480379178e-72
2.550000000000000000e+03,-4.718755731649323496e-43,1.995883257022682652e-70
2.555000000000000000e+03,-9.870792167493479464e-42,1.158365236251846921e-68
2.560000000000000000e+03,-1.951186953664237634e-40,6.353315624978201981e-67
2.565000000000000000e+03,-3.644753179628649249e-39,3.293071626501218460e-65
2.570000000000000000e+03,-6.433684027784977620e-38,1.613054797254536027e-63
2.575000000000000000e+03,-1.073182783328257684e-36,7.466992378040740569e-62
2.580000000000000000e+03,-1.691648119220114527e-35,3.266573714462394836e-60
2.585000000000000000e+03,-2.519815414010039252e-34,1.350488829291255459e-58
2.590000000000000000e+03,-3.546906914844827609e-33,5.276464329772009543e-57
2.595000000000000000e+03,-4.717948747014522428e-32,1.948275128491271597e-55
2.600000000000000000e+03,-5.930332057805770118e-31,6.798525425784966104e-54
2.605000000000000000e+03,-7.044126881720311112e-30,2.242013992086068375e-52
2.610000000000000000e+03,-7.906744310951214855e-29,6.987521617073830734e-51
2.615000000000000000e+03,-8.386689926340829548e-28,2.058123713264421533e-49
2.620000000000000000e+03,-8.406318615365143315e-27,5.729089217559610762e-48
2.625000000000000000e+03,-7.962390568573439440e-26,1.507189794219594964e-46
2.630000000000000000e+03,-7.126946182342041737e-25,3.747323062688592845e-45
2.635000000000000000e+03,-6.028175094033608963e-24,8.805375372205496559e-44
2.640000000000000000e+03,-4.818264299751466049e-23,1.955469360107007349e-42
2.645000000000000000e+03,-3.639299259558152396e-22,4.104247648081908041e-41
2.650000000000000000e+03,-2.597570358776412766e-21,8.141391740983170887e-40
2.655000000000000000e+03,-1.752020919950614018e-20,1.526334091674635944e-38
2.660000000000000000e+03,-1.116692747812835447e-19,2.704518041766862826e-37
2.665000000000000000e+03,-6.725902669748657584e-19,4.529216938768123702e-36
2.670000000000000000e+03,-3.828159152516950085e-18,7.168910073522192186e-35
2.675000000000000000e+03,-2.058979329895058047e-17,1.072466904165244922e-33
2.680000000000000000e+03,-1.046493866665162126e-16,1.516420307475654025e-32
2.685000000000000000e+03,-5.026251740682402212e-16,2.026583812894416828e-31
2.690000000000000000e+03,-2.281260344997664433e-15,2.559902257965878502e-30
2.695000000000000000e+03,-9.784279396866316136e-15,3.056333785502779124e-29
2.700000000000000000e+03,-3.965579633190663526e-14,3.449067673396558973e-28
2.705000000000000000e+03,-1.518829415245970200e-13,3.679013128789053774e-27
2.710000000000000000e+03,-5.497139694500066988e-13,3.709326048977807731e-26
2.715000000000000000e+03,-1.880145160281330603e-12,3.535072305700448066e-25
2.720000000000000000e+03,-6.076798379382105605e-12,3.184542092672331787e-24
2.725000000000000000e+03,-1.856051473317064850e-11,2.711733948922378492e-23
2.730000000000000000e+03,-5.357240648090245340e-11,2.182753816156625097e-22
2.735000000000000000e+03,-1.461283024912547908e-10,1.660834804761183313e-21
2.740000000000000000e+03,-3.766850595422722523e-10,1.194589620936935236e-20
2.745000000000000000e+03,-9.176690937115852327e-10,8.122476650617906336e-20
2.750000000000000000e+03,-2.112885556239430762e-09,5.220867273238677167e-19
2.755000000000000000e+03,-4.598061517828402211e-09,3.172403935888530187e-18
2.760000000000000000e+03,-9.458477410191041536e-09,1.822356470661584313e-17
2.765000000000000000e+03,-1.839379148783499603e-08,9.896571346918393666e-17
2.770000000000000000e+03,-3.382248547686684626e-08,5.081014854833053383e-16
2.775000000000000000e+03,-5.882203959615392940e-08,2.466256788641217216e-15
2.780000000000000000e+03,-9.679243531703653139e-08,1.131764898738581100e-14
2.785000000000000000e+03,-1.507811895181603909e-07,4.910348623354016692e-14
2.790000000000000000e+03,-2.225328598956972826e-07,2.014256567606144902e-13
2.795000000000000000e+03,-3.114977550857163055e-07,7.812173001738399360e-13
2.800000000000000000e+03,-4.141737923795212647e-07,2.864783619226145543e-12
2.805000000000000000e+03,-5.241559414057799706e-07,9.933059977854688819e-12
2.810000000000000000e+03,-6.330613757689482526e-07,3.256521476024511237e-11
2.815000000000000000e+03,-7.321256894968632378e-07,1.009515384615139395e-10
2.820000000000000000e+03,-8.138951875378181303e-07,2.959160971962869220e-10
2.825000000000000000e+03,-8.732996970869404452e-07,8.202186175955174202e-10
2.830000000000000000e+03,-9.076263157065438063e-07,2.149834939285829932e-09
2.835000000000000000e+03,-9.154711433599555397e-07,5.328497798605617997e-09
2.840000000000000000e+03,-8.953573009009474857e-07,1.248934048610784692e-08
2.845000000000000000e+03,-8.450324465951976866e-07,2.768357102105759360e-08
2.850000000000000000e+03,-7.622819971948192838e-07,5.803217537264250946e-08
2.855000000000000000e+03,-6.474560214259027451e-07,1.150539900360091135e-07
2.860000000000000000e+03,-5.070786476082586216e-07,2.157506444245169682e-07
2.865000000000000000e+03,-3.572335476157400982e-07,3.827078528730138902e-07
2.870000000000000000e+03,-2.251501108489513211e-07,6.422746596978058122e-07
2.875000000000000000e+03,-1.476386571805427856e-07,1.020066222663986012e-06
2.880000000000000000e+03,-1.656879054647069122e-07,1.533826124825495797e-06
2.885000000000000000e+03,-3.155113116850096150e-07,2.185064793838333630e-06
2.890000000000000000e+03,-6.174129742018486489e-07,2.952422431177320042e-06
2.895000000000000000e+03,-1.064757270064629206e-06,3.790546636491931898e-06
2.900000000000000000e+03,-1.615726852216499760e-06,4.637531034092044306e-06
2.905000000000000000e+03,-2.190164823638882850e-06,5.431277171007473664e-06
2.910000000000000000e+03,-2.672616576843943004e-06,6.131211613081977056e-06
2.915000000000000000e+03,-2.921144281480666933e-06,6.738344786849252990e-06
2.920000000000000000e+03,-2.780371243657448409e-06,7.305734696250680950e-06
2.925000000000000000e+03,-2.097271506078376802e-06,7.934182079076392303e-06
2.930000000000000000e+03,-7.395522814841584119e-07,8.753786149453097819e-06
2.935000000000000000e+03,1.381875596945049319e-06,9.898348074977178989e-06
2.940000000000000000e+03,4.284641250247341190e-06,1.148328528594460236e-05
2.945000000000000000e+03,7.881909949465122164e-06,1.359641454439638875e-05
2.950000000000000000e+03,1.195122245640107620e-05,1.630469952182340263e-05
2.955000000000000000e+03,1.611776827576682854e-05,1.967146474520741121e-05
2.960000000000000000e+03,1.986738082307366236e-05,2.377182224313970145e-05
2.965000000000000000e+03,2.260087104720658245e-05,2.869291719147235085e-05
2.970000000000000000e+03,2.373087837199781887e-05,3.451153383905905374e-05
2.975000000000000000e+03,2.280802513462941992e-05,4.125276608153142008e-05
2.980000000000000000e+03,1.964965337781189448e-05,4.884519479898279570e-05
2.985000000000000000e+03,1.443673663081576164e-05,5.709476995700699846e-05
2.990000000000000000e+03,7.746221003679810545e-06,6.569744386219832999e-05
2.995000000000000000e+03,4.983754091859976510e-07,7.429921633419530995e-05
3.000000000000000000e+03,-6.179840272404649743e-06,8.259527549156837802e-05
3.005000000000000000e+03,-1.114898295539710980e-05,9.044351614181840051e-05
3.010000000000000000e+03,-1.346152448600887424e-05,9.795813641877490344e-05
3.015000000000000000e+03,-1.252144350795965746e-05,1.055504146464404376e-04
3.020000000000000000e+03,-8.154659060587625901e-06,1.138971188624477002e-04
3.025000000000000000e+03,-5.720505421746693619e-07,1.238397513200768362e-04
3.030000000000000000e+03,9.761406934885401209e-06,1.362437732032261122e-04
3.035000000000000000e+03,2.231171066151234122e-05,1.518665323914402451e-04
3.040000000000000000e+03,3.666165386429298483e-05,1.712850977166291107e-04
3.045000000000000000e+03,5.264307003879083820e-05,1.949137673468019400e-04
3.050000000000000000e+03,7.037137956544859167e-05,2.230991385087323288e-04
3.055000000000000000e+03,9.016055910381355729e-05,2.562350946177478295e-04
3.060000000000000000e+03,1.123338508257959900e-04,2.948159821988829109e-04
3.065000000000000000e+03,1.369947573339249660e-04,3.393638422458430796e-04
3.070000000000000000e+03,1.638671226462112428e-04,3.902256000362649903e-04
3.075000000000000000e+03,1.923231346375250006e-04,4.473142753758210300e-04
3.080000000000000000e+03,2.216685245361835102e-04,5.099248751420878446e-04
3.085000000000000000e+03,2.516458191293307104e-04,5.767570438591767146e-04
3.090000000000000000e+03,2.829879193645359501e-04,6.462151159830820850e-04
3.095000000000000000e+03,3.177708241181960913e-04,7.169550271402082894e-04
3.100000000000000000e+03,3.593350404149737911e-04,7.885466561331372923e-04
3.105000000000000000e+03,4.116860169789029046e-04,8.620546380251047644e-04
3.110000000000000000e+03,4.784993410122889506e-04,9.403267762218101445e-04
3.115000000000000000e+03,5.620539312459762408e-04,1.027817247600569485e-03
3.120000000000000000e+03,6.624989312669904689e-04,1.129858605548072050e-03
3.125000000000000000e+03,7.777753642242425354e-04,1.251430474080417058e-03
3.130000000000000000e+03,9.042851015517526904e-04,1.395642227569304653e-03
3.135000000000000000e+03,1.038119460920240451e-03,1.562311799483057703e-03
3.140000000000000000e+03,1.176447044926043090e-03,1.747111694835054921e-03
3.145000000000000000e+03,1.318604979799767709e-03,1.941692293413636123e-03
3.150000000000000000e+03,1.466557142733528833e-03,2.134954876801584567e-03
3.155000000000000000e+03,1.624616630943197162e-03,2.315289923562056148e-03
3.160000000000000000e+03,1.798571898645513799e-03,2.473252056725734355e-03
3.165000000000000000e+03,1.994509970716984004e-03,2.603957607180645232e-03
3.170000000000000000e+03,2.217653177282526318e-03,2.708546443196276597e-03
3.175000000000000000e+03,2.471440671169590486e-03,2.794320533525791132e-03
3.180000000000000000e+03,2.756955920809353415e-03,2.873541838466437195e-03
3.185000000000000000e+03,3.072689107725685119e-03,2.961204180540054527e-03
3.190000000000000000e+03,3.414561863519830279e-03,3.072298807758729912e-03
3.195000000000000000e+03,3.776132474320998897e-03,3.219156273423723694e-03
3.200000000000000000e+03,4.148928862668240306e-03,3.409398268823288398e-03
3.205000000000000000e+03,4.522908143432890528e-03,3.644900047942020976e-03
3.210000000000000000e+03,4.887094057336483464e-03,3.921952504608385709e-03
3.215000000000000000e+03,5.230464165593590696e-03,4.232531019304186168e-03
3.220000000000000000e+03,5.543112548457183528e-03,4.566278811087357004e-03
3.225000000000000000e+03,5.817593279903926669e-03,4.912602064390010972e-03
3.230000000000000000e+03,6.050198645225089190e-03,5.262263544305090246e-03
3.235000000000000000e+03,6.241827348829392594e-03,5.608088077620372591e-03
3.240000000000000000e+03,6.398126246117474998e-03,5.944774286329194621e-03
3.245000000000000000e+03,6.528756969068737724e-03,6.268169092294969061e-03
3.250000000000000000e+03,6.645882646978511221e-03,6.574535804270515912e-03
3.255000000000000000e+03,6.762187158739722120e-03,6.860265427085270734e-03
3.260000000000000000e+03,6.888847936542917896e-03,7.122210889532488813e-03
3.265000000000000000e+03,7.033860637158497256e-03,7.358514978765392546e-03
3.270000000000000000e+03,7.200994540479919992e-03,7.569593392582141603e-03
3.275000000000000000e+03,7.389503177462695103e-03,7.758882604819508644e-03
3.280000000000000000e+03,7.594583227734253567e-03,7.933043783537284399e-03
3.285000000000000000e+03,7.808499517463233716e-03,8.101470506123385762e-03
3.290000000000000000e+03,8.022271402017793276e-03,8.275132938007499078e-03
3.295000000000000000e+03,8.227801159149875435e-03,8.464973906126938008e-03
3.300000000000000000e+03,8.420250481767806855e-03,8.680213563653496264e-03
3.305000000000000000e+03,8.600296581908004750e-03,8.926963272129554566e-03
3.310000000000000000e+03,8.775672634553612766e-03,9.207458000406315568e-03
3.315000000000000000e+03,8.961269900492865176e-03,9.520017364879861110e-03
3.320000000000000000e+03,9.177235353181344146e-03,9.859634860767917813e-03
3.325000000000000000e+03,9.445021611446209261e-03,1.021897696664776124e-02
3.330000000000000000e+03,9.782108800662655396e-03,1.058957997519755292e-02
3.335000000000000000e+03,1.019680046061725333e-02,1.096309716948931298e-02
3.340000000000000000e+03,1.068473980256954940e-02,1.133247282771480957e-02
3.345000000000000000e+03,1.122840906842504510e-02,1.169286698851937020e-02
3.350000000000000000e+03,1.179996482876872858e-02,1.204209664640193411e-02
3.355000000000000000e+03,1.236667632248688621e-02,1.238041162728250634e-02
3.360000000000000000e+03,1.289739824309703124e-02,1.270963213236716779e-02
3.365000000000000000e+03,1.336822939083182407e-02,1.303194438497322707e-02
3.370000000000000000e+03,1.376585677065741628e-02,1.334879586082035087e-02
3.375000000000000000e+03,1.408790305004139869e-02,1.366022204632886747e-02
3.380000000000000000e+03,1.434057951740626974e-02,1.396462111873094693e-02
3.385000000000000000e+03,1.453475758959969430e-02,1.425869034679274651e-02
3.390000000000000000e+03,1.468194061734228763e-02,1.453718519647363705e-02
3.395000000000000000e+03,1.479143150830178506e-02,1.479242562500006179e-02
3.400000000000000000e+03,1.486934280859190938e-02,1.501387657704391504e-02
3.405000000000000000e+03,1.491926330236123706e-02,1.518836210468177926e-02
3.410000000000000000e+03,1.494374071145791218e-02,1.530131861837517523e-02
3.415000000000000000e+03,1.494554629461718707e-02,1.533900058338472268e-02
3.420000000000000000e+03,1.492801373986349031e-02,1.529101838788175793e-02
3.425000000000000000e+03,1.489438927832054983e-02,1.515236060135639017e-02
3.430000000000000000e+03,1.484673005521379430e-02,1.492428817030662727e-02
3.435000000000000000e+03,1.478511870640529698e-02,1.461404031803856772e-02
3.440000000000000000e+03,1.470771943365609645e-02,1.423380953317528695e-02
3.445000000000000000e+03,1.461165849954912388e-02,1.379960720351296362e-02
3.450000000000000000e+03,1.449421489993645527e-02,1.333037994560060113e-02
3.455000000000000000e+03,1.435366003193248863e-02,1.284726759321289796e-02
3.460000000000000000e+03,1.418936781335397752e-02,1.237257185039260937e-02
3.465000000000000000e+03,1.400133833736499911e-02,1.192807714754660908e-02
3.470000000000000000e+03,1.378970236734377436e-02,1.153280371261375739e-02
3.475000000000000000e+03,1.355483020356860503e-02,1.120079078936671302e-02
3.480000000000000000e+03,1.329831596048205479e-02,1.093974940866355473e-02
3.485000000000000000e+03,1.302455265080576866e-02,1.075119519248418642e-02
3.490000000000000000e+03,1.274217327148009782e-02,1.063206393219352612e-02
3.495000000000000000e+03,1.246454877755957293e-02,1.057714560816273505e-02
3.500000000000000000e+03,1.220883963600332897e-02,1.058130090372600557e-02
3.505000000000000000e+03,1.199362711383989560e-02,1.064053747931181619e-02
3.510000000000000000e+03,1.183565454030524600e-02,1.075155467973925444e-02
3.515000000000000000e+03,1.174649662910285351e-02,1.091004907059186027e-02
3.520000000000000000e+03,1.172998710332120303e-02,1.110859499638157215e-02
3.525000000000000000e+03,1.178102180563113215e-02,1.133506308730776457e-02
3.530000000000000000e+03,1.188600634318668324e-02,1.157228755550740798e-02
3.535000000000000000e+03,1.202481534158390125e-02,1.179918448866667212e-02
3.540000000000000000e+03,1.217375081845643338e-02,1.199299317452038119e-02
3.545000000000000000e+03,1.230872639732761425e-02,1.213197637927835963e-02
3.550000000000000000e+03,1.240786937380029299e-02,1.219787662778023044e-02
3.555000000000000000e+03,1.245298086384299084e-02,1.217763958483948812e-02
3.560000000000000000e+03,1.242976258047775659e-02,1.206423229136016281e-02
3.565000000000000000e+03,1.232721757054809977e-02,1.185664247949242030e-02
3.570000000000000000e+03,1.213692939998391694e-02,1.155926456667988322e-02
3.575000000000000000e+03,1.185287594453579216e-02,1.118088348778828976e-02
3.580000000000000000e+03,1.147207241338670317e-02,1.073344061389290734e-02
3.585000000000000000e+03,1.099585368951828263e-02,1.023076356698212307e-02
3.590000000000000000e+03,1.043123464843370186e-02,9.687452453565288668e-03
3.595000000000000000e+03,9.791682643958963747e-03,9.118083622399185059e-03
3.600000000000000000e+03,9.096807265406231871e-03,8.536783401453536257e-03
3.605000000000000000e+03,8.370810569928660919e-03,7.957067938568438206e-03
3.610000000000000000e+03,7.639903056017418106e-03,7.391722604851340764e-03
3.615000000000000000e+03,6.929168673318573078e-03,6.852481715569416765e-03
3.620000000000000000e+03,6.259504876441600654e-03,6.349384165980916962e-03
3.625000000000000000e+03,5.645259269105576058e-03,5.889870195317387438e-03
3.630000000000000000e+03,5.093039647904385250e-03,5.477858642798181382e-03
3.635000000000000000e+03,4.601913984549395147e-03,5.113124568993517374e-03
3.640000000000000000e+03,4.164895449740705670e-03,4.791252498014243744e-03
3.645000000000000000e+03,3.771309583197025427e-03,4.504291989649095856e-03
3.650000000000000000e+03,3.409456652313988360e-03,4.242046876809144572e-03
3.655000000000000000e+03,3.068969502867353611e-03,3.993754502777213493e-03
3.660000000000000000e+03,2.742421510293206223e-03,3.749810139012144800e-03
3.665000000000000000e+03,2.425995715613082047e-03,3.503188403688764236e-03
3.670000000000000000e+03,2.119289627526870206e-03,3.250298167114242572e-03
3.675000000000000000e+03,1.824516550965182317e-03,2.991145415718661060e-03
3.680000000000000000e+03,1.545432458208050291e-03,2.728827941564208621e-03
3.685000000000000000e+03,1.286276967706158304e-03,2.468514109423984842e-03
3.690000000000000000e+03,1.050913537181547832e-03,2.216148063909388014e-03
3.695000000000000000e+03,8.422422567191320542e-04,1.977166976225841304e-03
3.700000000000000000e+03,6.618780227871818309e-04,1.755503653571718718e-03
3.705000000000000000e+03,5.100497747507113343e-04,1.553072601874418320e-03
3.710000000000000000e+03,3.856720320249253987e-04,1.369806065121652100e-03
3.715000000000000000e+03,2.865476989207486479e-04,1.204151334822460432e-03
3.720000000000000000e+03,2.096650011010928421e-04,1.053815600444976989e-03
3.725000000000000000e+03,1.515471107814871511e-04,9.164998247693825458e-04
3.730000000000000000e+03,1.086061116683512118e-04,7.904147710337697339e-04
3.735000000000000000e+03,7.745208856846056572e-05,6.744904363473244041e-04
3.740000000000000000e+03,5.511826283808018832e-05,5.683151031207663842e-04
3.745000000000000000e+03,3.918278645327899083e-05,4.719173322813749699e-04
3.750000000000000000e+03,2.779079243605846311e-05,3.855128328422923823e-04
3.755000000000000000e+03,1.959926736993593775e-05,3.092964661720411018e-04
3.760000000000000000e+03,1.367727563353413423e-05,2.433056151523601510e-04
3.765000000000000000e+03,9.393889229985196476e-06,1.873457971173370107e-04
3.770000000000000000e+03,6.318196948157632266e-06,1.409612939201349967e-04
3.775000000000000000e+03,4.144226086286976492e-06,1.034415430121106872e-04
3.780000000000000000e+03,2.642797458073344389e-06,7.386147426600896885e-05
3.785000000000000000e+03,1.635124108639898471e-06,5.115205155011225645e-05
3.790000000000000000e+03,9.801937641846385578e-07,3.418857198425677120e-05
3.795000000000000000e+03,5.687329381350010654e-07,2.187730497076581496e-05
3.800000000000000000e+03,3.190687132303221825e-07,1.322212810167263583e-05
3.805000000000000000e+03,1.728281502520851105e-07,7.361689855730971973e-06
3.810000000000000000e+03,9.019697092267319522e-08,3.578888223636149166e-06
3.815000000000000000e+03,4.522336288512267914e-08,1.292134847335554614e-06
3.820000000000000000e+03,2.170209111196178833e-08,3.929099589865809593e-08
3.825000000000000000e+03,9.921888113427227661e-09,-5.383398906667741317e-07
3.830000000000000000e+03,4.297170641450729538e-09,-7.095423049499738997e-07
3.835000000000000000e+03,1.750628552540635347e-09,-6.652573150133583089e-07
3.840000000000000000e+03,6.645554879779609198e-10,-5.310488277098132531e-07
3.845000000000000000e+03,2.318031263082006447e-10,-3.807922703826789898e-07
3.850000000000000000e+03,7.253042395869696535e-11,-2.509202334755977480e-07
3.855000000000000000e+03,1.934984948384523706e-11,-1.536982059225120864e-07
3.860000000000000000e+03,3.777978223345956044e-12,-8.808082366925104115e-08
3.865000000000000000e+03,9.878079354196504826e-14,-4.740720071313383319e-08
3.870000000000000000e+03,-3.930465184230975920e-13,-2.402156753429239464e-08
3.875000000000000000e+03,-2.651554853672494126e-13,-1.147684276042565156e-08
3.880000000000000000e+03,-1.238983464284429184e-13,-5.175399491361284659e-09
3.885000000000000000e+03,-4.854127782676027386e-14,-2.204198250877903492e-09
3.890000000000000000e+03,-1.688345848154037270e-14,-8.870073854089452264e-10
3.895000000000000000e+03,-5.344703511054373750e-15,-3.373574505504339746e-10
3.900000000000000000e+03,-1.560162544258771925e-15,-1.212859309953126120e-10
3.905000000000000000e+03,-4.231916035002456384e-16,-4.122178280089161919e-11
3.910000000000000000e+03,-1.071877291816384326e-16,-1.324516276438720455e-11
3.915000000000000000e+03,-2.543407215256960709e-17,-4.023517186152464012e-12
3.920000000000000000e+03,-5.666852468592318443e-18,-1.155492604134566006e-12
3.925000000000000000e+03,-1.187507056157806919e-18,-3.137114009071134355e-13
3.930000000000000000e+03,-2.343270191344523730e-19,-8.051580189564939639e-14
3.935000000000000000e+03,-4.358037290319109895e-20,-1.953457487840581598e-14
3.940000000000000000e+03,-7.644277842907969286e-21,-4.480048959608015890e-15
3.945000000000000000e+03,-1.265268639621005207e-21,-9.711846026217292205e-16
3.950000000000000000e+03,-1.976972374059594318e-22,-1.989968221501560490e-16
3.955000000000000000e+03,-2.916893976696034678e-23,-3.853913806923300767e-17
3.960000000000000000e+03,-4.064832819180585629e-24,-7.054346067081562235e-18
3.965000000000000000e+03,-5.351096801176610219e-25,-1.220391306361065539e-18
3.970000000000000000e+03,-6.655469359257144136e-26,-1.995349397581834970e-19
3.975000000000000000e+03,-7.821566600130787242e-27,-3.083240683960518788e-20
3.980000000000000000e+03,-8.686009814911117043e-28,-4.502531510424736841e-21
3.985000000000000000e+03,-9.115534052070884599e-29,-6.213842046777379035e-22
3.990000000000000000e+03,-9.040578319807853229e-30,-8.104233674066838634e-23
3.995000000000000000e+03,-8.473727915149701324e-31,-9.988654814215997556e-24
4.000000000000000000e+03,-7.506283892412092286e-32,-1.163432262103730840e-24
