9.000000000000000000e+02,4.349990973029439610e-153,1.522957683258920770e-173,-3.189993380221589330e-152,-3.692434350028542938e-173
9.050000000000000000e+02,1.934174269921850711e-150,1.045992696569515509e-170,-1.418394464609357278e-149,-2.503511878938810745e-170
9.100000000000000000e+02,8.126905545634943612e-148,6.788825876329719199e-168,-5.959730733465625686e-147,-1.603515481550387592e-167
9.150000000000000000e+02,3.226838185267195091e-145,4.163763474859891331e-165,-2.366348002529276400e-144,-9.702370631492559758e-165
9.200000000000000000e+02,1.210741776079965751e-142,2.413253629206727527e-162,-8.878773024586416723e-142,-5.545721219281099920e-162
9.250000000000000000e+02,4.292874901971588429e-140,1.321738687363478658e-159,-3.148108261445831701e-139,-2.994384823811644825e-159
9.300000000000000000e+02,1.438359026621673240e-137,6.840914237369143056e-157,-1.054796619522560376e-136,-1.527285315896450046e-156
9.350000000000000000e+02,4.554164761717995690e-135,3.345868001182080285e-154,-3.339720825259863872e-134,-7.358493607931454648e-154
9.400000000000000000e+02,1.362613035582166170e-132,1.546428308535773147e-151,-9.992495594269219416e-132,-3.348934180950313459e-151
9.450000000000000000e+02,3.852642450917950267e-130,6.754253213134325874e-149,-2.825271130673163689e-129,-1.439678729825484218e-148
9.500000000000000000e+02,1.029359881031020373e-127,2.787736279525591580e-146,-7.548639127560816068e-127,-5.845984830665178597e-146
9.550000000000000000e+02,2.598951265666149899e-125,1.087309282217918683e-143,-1.905897594821843259e-124,-2.242199276934774869e-143
9.600000000000000000e+02,6.200852492688299760e-123,4.007576642949724982e-141,-4.547291827971419914e-122,-8.122802488540267199e-141
9.650000000000000000e+02,1.398063931631943145e-120,1.395848230236565280e-138,-1.025246883196758318e-119,-2.779347464711752520e-138
9.700000000000000000e+02,2.978688096993266410e-118,4.594333246935870679e-136,-2.184371271128395631e-117,-8.982029587708834716e-136
9.750000000000000000e+02,5.997156690588661534e-116,1.429009255725216057e-133,-4.397914906431685125e-115,-2.741507735349661450e-133
9.800000000000000000e+02,1.141006531187060992e-113,4.200260165768321104e-131,-8.367381228705114419e-113,-7.902703302319793149e-131
9.850000000000000000e+02,2.051413615759867492e-111,1.166665378339677872e-128,-1.504369984890569445e-110,-2.151394403575961581e-128
9.900000000000000000e+02,3.485304338887969266e-109,3.062286268083938510e-126,-2.555889848517844223e-108,-5.531061709007506726e-126
9.950000000000000000e+02,5.595650114662831902e-107,7.595826497644204759e-124,-4.103476750752743718e-106,-1.342845183760751161e-123
1.000000000000000000e+03,8.489512795763360441e-105,1.780469331494990753e-121,-6.225642716893130267e-104,-3.078619457738846943e-121
1.005000000000000000e+03,1.217131092501116714e-102,3.943888586740299982e-119,-8.925628011674854448e-102,-6.664706078143135037e-119
1.010000000000000000e+03,1.648975950706045447e-100,8.255548891904520836e-117,-1.209249030517766390e-99,-1.362328148377691792e-116
1.015000000000000000e+03,2.111123614810679221e-98,1.633048085716256804e-114,-1.548157317527830930e-97,-2.629283031299871286e-114
1.020000000000000000e+03,2.554085227548871041e-96,3.052700909527526826e-112,-1.872995833535838153e-95,-4.790988207751970038e-112
1.025000000000000000e+03,2.919977391570767662e-94,5.392652057966228414e-110,-2.141316753818561568e-93,-8.241764454498471545e-110
1.030000000000000000e+03,3.154612196185967839e-92,9.002311547934012316e-108,-2.313382277203040947e-91,-1.338429325424195400e-107
1.035000000000000000e+03,3.220585672641775663e-90,1.420168409256031018e-105,-2.361762826603965273e-89,-2.051733641319927569e-105
1.040000000000000000e+03,3.107034882099345884e-88,2.117193468974930466e-103,-2.278492246872848551e-87,-2.968683588030369312e-103
1.045000000000000000e+03,2.832564453778205639e-86,2.982750293304573364e-101,-2.077213932770676944e-85,-4.054038619304339395e-101
1.050000000000000000e+03,2.440258748245858302e-84,3.971089879092694704e-99,-1.789523082046953337e-83,-5.224594166725603299e-99
1.055000000000000000e+03,1.986618014227815323e-82,4.996200657106968594e-97,-1.456853210433719318e-81,-6.353500235656275018e-97
1.060000000000000000e+03,1.528323469639088099e-80,5.940298760505682439e-95,-1.120770544401984156e-79,-7.289859452609808281e-95
1.065000000000000000e+03,1.111062854749866681e-78,6.674457148707503946e-93,-8.147794268165535586e-78,-7.890681574941177884e-93
1.070000000000000000e+03,7.632809439243825887e-77,7.087024048489103573e-91,-5.597393588778644980e-76,-8.056298666115002516e-91
1.075000000000000000e+03,4.955102832212489627e-75,7.111370078523871564e-89,-3.633742076955666606e-74,-7.757292661206311620e-89
1.080000000000000000e+03,3.039788736791428529e-73,6.743498498578948142e-87,-2.229178406980231999e-72,-7.042975075922519289e-87
1.085000000000000000e+03,1.762205815106986266e-71,6.043118869510951807e-85,-1.292284264411658197e-70,-6.028081832019215299e-85
1.090000000000000000e+03,9.653668515424971285e-70,5.117787592727103968e-83,-7.079356911310546348e-69,-4.862617970534547344e-83
1.095000000000000000e+03,4.997475651649888500e-68,4.095906924576153158e-81,-3.664815477875716871e-67,-3.695747854672815717e-81
1.100000000000000000e+03,2.444733811714114047e-66,3.097891165615766498e-79,-1.792804795256369606e-65,-2.645616037526189983e-79
1.105000000000000000e+03,1.130147424625187191e-64,2.214278011596289857e-77,-8.287747780580141603e-64,-1.783065324901540955e-77
1.110000000000000000e+03,4.936979199875380773e-63,1.495718366549738843e-75,-3.620451413238905681e-62,-1.130869780666315926e-75
1.115000000000000000e+03,2.038028392693575946e-61,9.548190829375027502e-74,-1.494554154640041136e-60,-6.745393097171312336e-74
1.120000000000000000e+03,7.950271606556897525e-60,5.760337993914803602e-72,-5.830199178130330673e-59,-3.781268995968270976e-72
1.125000000000000000e+03,2.930735234941594240e-58,3.284222916219673354e-70,-2.149205838950760683e-57,-1.990272748865522168e-70
1.130000000000000000e+03,1.020925815811694805e-56,1.769609309363125651e-68,-7.486789315918364125e-56,-9.825085541505130854e-69
1.135000000000000000e+03,3.360739729429818844e-55,9.011244138790155617e-67,-2.464542468231419407e-54,-4.542199113027490191e-67
1.140000000000000000e+03,1.045439255650611994e-53,4.336679997306915213e-65,-7.666554541356557528e-53,-1.962674697749159440e-65
1.145000000000000000e+03,3.073166685021672146e-52,1.972414159568914296e-63,-2.253655568979423523e-51,-7.905212364209882866e-64
1.150000000000000000e+03,8.536837389200863903e-51,8.478324217403561595e-62,-6.260347418592610829e-50,-2.956642679764583555e-62
1.155000000000000000e+03,2.240947625567718776e-49,3.444263615220539348e-60,-1.643361592020979634e-48,-1.020992104402915110e-60
1.160000000000000000e+03,5.558920673845762611e-48,1.322393546645540991e-58,-4.076541827251914280e-47,-3.225794348599598879e-59
1.165000000000000000e+03,1.303087674866974656e-46,4.798514458699194205e-57,-9.555976281516278900e-46,-9.178714120525799093e-58
1.170000000000000000e+03,2.886566483963843693e-45,1.645654628155972953e-55,-2.116815421288627224e-44,-2.279543786947307873e-56
1.175000000000000000e+03,6.042472842093269337e-44,5.334094857914578272e-54,-4.431146749957011935e-43,-4.571208610301604673e-55
1.180000000000000000e+03,1.195290852387295746e-42,1.634096112345274288e-52,-8.765466248084060217e-42,-5.372408389046482132e-54
1.185000000000000000e+03,2.234389397678327576e-41,4.731450494639949180e-51,-1.638552224176306133e-40,9.406333736920631417e-53
1.190000000000000000e+03,3.947037523374761622e-40,1.294840390434628484e-49,-2.894494181679688763e-39,9.388155262451414189e-51
1.195000000000000000e+03,6.588881031842201202e-39,3.349262644991293453e-48,-4.831846084581921530e-38,4.183832062802036720e-49
1.200000000000000000e+03,1.039396267558797980e-37,8.188407260300848691e-47,-7.622239282309659452e-37,1.449653344328803452e-47
1.205000000000000000e+03,1.549462156131716569e-36,1.892228702707524651e-45,-1.136272244835855678e-35,4.328852714607154912e-46
1.210000000000000000e+03,2.182793353983745377e-35,4.133129251628145358e-44,-1.600715119796804499e-34,1.157340976292823360e-44
1.215000000000000000e+03,2.905881352503404521e-34,8.533422945491341395e-43,-2.130979645335462677e-33,2.821698135072268923e-43
1.220000000000000000e+03,3.655769898997173051e-33,1.665385666781347745e-41,-2.680897900553651902e-32,6.338394324484063001e-42
1.225000000000000000e+03,4.346283589334737691e-32,3.072292915107042609e-40,-3.187274585941751702e-31,1.320106541236806033e-40
1.230000000000000000e+03,4.883132292633260399e-31,5.357674506184249214e-39,-3.580963601627406493e-30,2.559778855798996980e-39
1.235000000000000000e+03,5.184700816002615914e-30,8.832148105730790812e-38,-3.802113802067044290e-29,4.634521183002068211e-38
1.240000000000000000e+03,5.202330314055153582e-29,1.376397483862336081e-36,-3.815042030709297754e-28,7.850709119632364792e-37
1.245000000000000000e+03,4.933171319471322769e-28,2.027780585903640269e-35,-3.617658677148651694e-27,1.246156526082648533e-35
1.250000000000000000e+03,4.420938981752910814e-27,2.824298478906886877e-34,-3.242021520327385266e-26,1.855630216386642882e-34
1.255000000000000000e+03,3.744294781328312316e-26,3.719004750785002012e-33,-2.745815653158742533e-25,2.594441243054123806e-33
1.260000000000000000e+03,2.997100017470313269e-25,4.630036554084729631e-32,-2.197872706860178912e-24,3.408170194465799108e-32
1.265000000000000000e+03,2.267348395888829359e-24,5.450041816063718236e-31,-1.662721413621655893e-23,4.208705195616306333e-31
1.270000000000000000e+03,1.621187175676942582e-23,6.065832178577394986e-30,-1.188869778191920099e-22,4.887620981755867273e-30
1.275000000000000000e+03,1.095620902000047602e-22,6.383734593637187599e-29,-8.034544784495167262e-22,5.339457623298019901e-29
1.280000000000000000e+03,6.998691055814668612e-22,6.352918463210498965e-28,-5.132365088022702363e-21,5.488322745097157311e-28
1.285000000000000000e+03,4.225937721064396033e-21,5.978709261161684276e-27,-3.099013230436618456e-20,5.308662073722829011e-27
1.290000000000000000e+03,2.412144997034524167e-20,5.321089635487219843e-26,-1.768899504805709709e-19,4.832411762036486297e-26
1.295000000000000000e+03,1.301627493008067559e-19,4.478965656213993875e-25,-9.545211527948690940e-19,4.139789039468338863e-25
1.300000000000000000e+03,6.640602206448097207e-19,3.565872380000879092e-24,-4.869730325319554693e-18,3.337346011147983473e-24
1.305000000000000000e+03,3.203367041283851572e-18,2.685305127178471018e-23,-2.349102641960448211e-17,2.531488917159833626e-23
1.310000000000000000e+03,1.461279424134200031e-17,1.912899996234135790e-22,-1.071581565128894611e-16,1.806392654679835875e-22
1.315000000000000000e+03,6.304421917530792492e-17,1.289124735157594076e-21,-4.623087396894664256e-16,1.212217924327243168e-21
1.320000000000000000e+03,2.572834107919433684e-16,8.219347985585614529e-21,-1.886647231937087105e-15,7.647276414042497922e-21
1.325000000000000000e+03,9.933787438584480722e-16,4.958586039940572204e-20,-7.284195183862848716e-15,4.532718862996479860e-20
1.330000000000000000e+03,3.629542244683122262e-15,2.830723901362655515e-19,-2.661336262440511619e-14,2.522508638182620199e-19
1.335000000000000000e+03,1.255272764542913204e-14,1.529327460079461316e-18,-9.203584839931244887e-14,1.316828448909536282e-18
1.340000000000000000e+03,4.110645676031471288e-14,7.820134332641098792e-18,-3.013591359195945450e-13,6.440505921843251338e-18
1.345000000000000000e+03,1.275054378456612494e-13,3.785207860190712050e-17,-9.346187713040227372e-13,2.946424367966389421e-17
1.350000000000000000e+03,3.747863102645765582e-13,1.734531036450651273e-16,-2.746530365065223009e-12,1.258001732479915862e-16
1.355000000000000000e+03,1.044474218352904539e-12,7.525766369137095108e-16,-7.651341164146461665e-12,4.996910816440400087e-16
1.360000000000000000e+03,2.761412481199435013e-12,3.092147945427732946e-15,-2.021741851212200395e-11,1.837950294741134272e-15
1.365000000000000000e+03,6.930877411709919093e-12,1.203319857801873978e-14,-5.070017748861126658e-11,6.215032160747631035e-15
1.370000000000000000e+03,1.652804139219609408e-11,4.435989032905933605e-14,-1.207473837613029838e-10,1.908987149695833383e-14
1.375000000000000000e+03,3.748339880393705025e-11,1.549436857385749033e-13,-2.733030279498838592e-10,5.208430247553095689e-14
1.380000000000000000e+03,8.093030750546954932e-11,5.128930193342489903e-13,-5.883596578885295228e-10,1.201610233669723515e-13
1.385000000000000000e+03,1.665628146596136472e-10,1.609373860685892393e-12,-1.205635870302611405e-09,2.016265924830091852e-13
1.390000000000000000e+03,3.272338108052327510e-10,4.788368170921810030e-12,-2.353443663441845445e-09,4.751066998840164650e-14
1.395000000000000000e+03,6.146952949157393364e-10,1.351329628586889885e-11,-4.379500111563469273e-09,-1.496983751888694760e-12
1.400000000000000000e+03,1.106103410091895865e-09,3.618644875889324499e-11,-7.774204649123114652e-09,-8.521880894577498424e-12
1.405000000000000000e+03,1.910741031231524899e-09,9.199017127862084735e-11,-1.317082912349119261e-08,-3.335307154946360312e-11
1.410000000000000000e+03,3.176609493866084871e-09,2.221207437484069106e-10,-2.130241250202635616e-08,-1.088224646823319099e-10
1.415000000000000000e+03,5.097412717288017015e-09,5.097815934264947938e-10,-3.289575479163934159e-08,-3.135235344519869492e-10
1.420000000000000000e+03,7.922240208618643158e-09,1.112988953870701696e-09,-4.849360084305587830e-08,-8.177819342835918782e-10
1.425000000000000000e+03,1.197298071255433643e-08,2.313994594166340170e-09,-6.822063416821762818e-08,-1.956418104226288226e-09
1.430000000000000000e+03,1.767786522525020229e-08,4.587377970268546861e-09,-9.154587607775541912e-08,-4.324922020172933165e-09
1.435000000000000000e+03,2.563289788466397633e-08,8.685696552693855152e-09,-1.171320193585715416e-07,-8.873885420293731958e-09
1.440000000000000000e+03,3.670547808651306362e-08,1.573850383593352338e-08,-1.428771750177898780e-07,-1.694183202813079779e-08
1.445000000000000000e+03,5.219573495830935388e-08,2.736077815300621643e-08,-1.662158635604952705e-07,-3.012765091462506252e-08
1.450000000000000000e+03,7.407139270553816589e-08,4.577451714914114040e-08,-1.846341054058764512e-07,-4.988186891968950832e-08
1.455000000000000000e+03,1.052931451768571824e-07,7.396535990027125055e-08,-1.961840422749478726e-07,-7.672032504185380620e-08
1.460000000000000000e+03,1.502525048208709744e-07,1.159235998509914507e-07,-1.996238493024092078e-07,-1.090570312873917030e-07
1.465000000000000000e+03,2.153558893579971853e-07,1.770498712255299295e-07,-1.937622577897961690e-07,-1.418100202897264983e-07
1.470000000000000000e+03,3.098084695558402761e-07,2.648317128737547584e-07,-1.757381910687649270e-07,-1.651073609325244654e-07
1.475000000000000000e+03,4.466768364591980384e-07,3.899130109428503089e-07,-1.383052017596431101e-07,-1.635252394331386325e-07
1.480000000000000000e+03,6.443355990993082418e-07,5.676871542247690558e-07,-6.657084214980430510e-08,-1.162294448566477876e-07
1.485000000000000000e+03,9.284241647589224247e-07,8.205569137889925645e-07,6.518041369075517786e-08,1.908267420633129162e-09
1.490000000000000000e+03,1.334455333442744503e-06,1.181028034052847706e-06,2.961846027956175846e-07,2.187121149064985743e-07
1.495000000000000000e+03,1.911234381294029811e-06,1.695834830922957232e-06,6.816829138276918290e-07,5.639055582641921755e-07
1.500000000000000000e+03,2.725280094480825432e-06,2.431315009944192751e-06,1.296311634207318557e-06,1.071287990758971664e-06
1.505000000000000000e+03,3.866498299673617381e-06,3.480234710079149791e-06,2.240140815827726405e-06,1.786804932769605331e-06
1.510000000000000000e+03,5.455433147700859163e-06,4.970206152642116777e-06,3.649146675174966876e-06,2.785688121094016282e-06
1.515000000000000000e+03,7.652462150584944144e-06,7.073751595402538642e-06,5.711297591001670460e-06,4.201238947356397203e-06
1.520000000000000000e+03,1.066921401321780623e-05,1.001995517385876151e-05,8.688492153861774420e-06,6.266165231296448838e-06
1.525000000000000000e+03,1.478215412012814011e-05,1.410746416674193380e-05,1.294380867682641127e-05,9.364779401887068623e-06
1.530000000000000000e+03,2.034759939631120387e-05,1.971823053953198696e-05,1.897318931095458354e-05,1.409123028828909705e-05
1.535000000000000000e+03,2.781636535121689334e-05,2.733065631553640049e-05,2.744043735143931995e-05,2.130567119698249820e-05
1.540000000000000000e+03,3.774491238220513645e-05,3.752962319882269883e-05,3.921317180479300650e-05,3.217695265827796614e-05
1.545000000000000000e+03,5.079849726268833237e-05,5.100936010179273717e-05,5.539382903232401473e-05,4.819692572770832703e-05
1.550000000000000000e+03,6.774084606402309321e-05,6.856365167095552083e-05,7.733340348418674885e-05,7.114806259304300303e-05
1.555000000000000000e+03,8.940474219032869924e-05,9.105720963869758837e-05,1.066078366633633508e-04,1.030045539571651107e-04
1.560000000000000000e+03,1.166391641056202798e-04,1.193728857409831305e-04,1.449317241027852992e-04,1.457506980220460533e-04
1.565000000000000000e+03,1.502315470058159875e-04,1.543323310709026252e-04,1.939867478179658046e-04,2.011129731675914147e-04
1.570000000000000000e+03,1.908083426612641840e-04,1.965926810244254829e-04,2.551573481917061501e-04,2.702249151254075880e-04
1.575000000000000000e+03,2.387227058388820755e-04,2.465281176572467199e-04,3.291937526620902364e-04,3.532726909083882963e-04
1.580000000000000000e+03,2.939436208865834808e-04,3.041113151101333830e-04,4.158563036895143836e-04,4.491941230390651381e-04
1.585000000000000000e+03,3.559644735011845054e-04,3.688140416899318035e-04,5.136230827249463034e-04,5.555124238962874054e-04
1.590000000000000000e+03,4.237494422421630947e-04,4.395469600967711514e-04,6.195514757058773365e-04,6.683693901617223038e-04
1.595000000000000000e+03,4.957323263954005379e-04,5.146550252958222247e-04,7.293644250456698085e-04,7.827821562116705394e-04
1.600000000000000000e+03,5.698749212626764418e-04,5.919770499242362274e-04,8.377843537480657255e-04,8.930945337208219710e-04
1.605000000000000000e+03,6.437823877643674602e-04,6.689674728412217100e-04,9.390742977803285272e-04,9.935464155996873593e-04
1.610000000000000000e+03,7.148635448782745963e-04,7.428675714491194976e-04,1.027686918651831349e-03,1.078858677884396650e-03
1.615000000000000000e+03,7.805168570349177307e-04,8.109049861705066795e-04,1.098888845823359391e-03,1.144733548602827654e-03
1.620000000000000000e+03,8.383194967158871932e-04,8.704964755563986308e-04,1.149233664186882298e-03,1.188197804588207469e-03
1.625000000000000000e+03,8.861975122805945985e-04,9.194298878963999945e-04,1.176801583473457372e-03,1.207757266366097206e-03
1.630000000000000000e+03,9.225591483910460747e-04,9.560064819306923149e-04,1.181192391563424659e-03,1.203372915649029333e-03
1.635000000000000000e+03,9.463795778753567381e-04,9.791320487723582933e-04,1.163325817136180110e-03,1.176300999264869333e-03
1.640000000000000000e+03,9.572324571622308409e-04,9.883528395779159377e-04,1.125144895632774556e-03,1.128855191551523997e-03
1.645000000000000000e+03,9.552706899018234207e-04,9.838388539562404733e-04,1.069319137654432773e-03,1.064146058662572385e-03
1.650000000000000000e+03,9.411646190103695230e-04,9.663221905727598657e-04,9.990087475166555767e-04,9.858343033600635175e-04
1.655000000000000000e+03,9.160098029327581144e-04,9.370019054359350185e-04,9.176987037936680872e-04,8.979074772345954636e-04
1.660000000000000000e+03,8.812181142978442114e-04,8.974290461081080436e-04,8.290685801260344210e-04,8.044668582235945048e-04
1.665000000000000000e+03,8.384051416068714858e-04,8.493858514805495072e-04,7.368499684202455035e-04,7.095032598507357638e-04
1.670000000000000000e+03,7.892843072509478971e-04,7.947712270743575785e-04,6.446411636255296260e-04,6.166523281734886865e-04
1.675000000000000000e+03,7.355746333007841167e-04,7.355007969750809163e-04,5.556846649221185326e-04,5.289457911335695289e-04
1.680000000000000000e+03,6.789256402918240462e-04,6.734251241490273867e-04,4.726457738116290842e-04,4.486011406532870011e-04
1.685000000000000000e+03,6.208601441548139421e-04,6.102655443510225089e-04,3.974435451812479477e-04,3.769029883403551720e-04
1.690000000000000000e+03,5.627339894141974302e-04,5.475647267614195497e-04,3.311746173579558240e-04,3.142164340265128923e-04
1.695000000000000000e+03,5.057109075605827108e-04,4.866490178869825535e-04,2.741443056657797252e-04,2.601394219124378727e-04
1.700000000000000000e+03,4.507504040851854302e-04,4.286013204615896359e-04,2.259913664978597148e-04,2.137604850297728691e-04
1.705000000000000000e+03,3.986065458270289996e-04,3.742454659652066245e-04,1.858737995985416491e-04,1.739572365761151177e-04
1.710000000000000000e+03,3.498355577581439249e-04,3.241443813087136676e-04,1.526766941688739937e-04,1.396618685618495215e-04
1.715000000000000000e+03,3.048101988450323762e-04,2.786139371652390046e-04,1.252070464816114293e-04,1.100356493017338658e-04
1.720000000000000000e+03,2.637389981861422645e-04,2.377521897310888414e-04,1.023498968173090193e-04,8.452778423901118672e-05
1.725000000000000000e+03,2.266886191430640023e-04,2.014806568848142860e-04,8.317114631404172724e-05,6.283152352195980081e-05
1.730000000000000000e+03,1.936078578060047134e-04,1.695916313056334711e-04,6.696305350963224735e-05,4.477826246165774441e-05
1.735000000000000000e+03,1.643520143395888844e-04,1.417944822757409812e-04,5.323791181853460919e-05,3.022002860757790733e-05
1.740000000000000000e+03,1.387065538905190047e-04,1.177548801599280520e-04,4.168311104399397395e-05,1.894171624929558509e-05
1.745000000000000000e+03,1.164091020481982909e-04,9.712345765520253790e-05,3.209569147589075733e-05,1.062350836401671479e-05
1.750000000000000000e+03,9.716895455966036220e-05,7.955354897153456056e-05,2.431560576295273854e-05,4.851317227597926016e-06
1.755000000000000000e+03,8.068348684931704541e-05,6.471018627265183953e-05,1.817384157594400054e-05,1.157555378708817776e-06
1.760000000000000000e+03,6.665114573731792088e-05,5.227375842472550062e-05,1.346504706093302359e-05,-9.299554989653177348e-07
1.765000000000000000e+03,5.478104769770264943e-05,4.194156381083173878e-05,9.946150561409247646e-06,-1.848133063465865064e-06
1.770000000000000000e+03,4.479951045382072830e-05,3.342936524851885659e-05,7.355066139529314475e-06,-1.975471259745071364e-06
1.775000000000000000e+03,3.645403608703622549e-05,2.647365880903187669e-05,5.439051353268482525e-06,-1.624348236404479743e-06
1.780000000000000000e+03,2.951532267072302096e-05,2.083428564678095884e-05,3.981673551501212068e-06,-1.042724757614128222e-06
1.785000000000000000e+03,2.377783689924953646e-05,1.629654414438144752e-05,2.820224403045375364e-06,-4.188026487744590470e-07
1.790000000000000000e+03,1.905938453967426102e-05,1.267207683270804416e-05,1.850195825411851857e-06,1.151341374910415410e-07
1.795000000000000000e+03,1.520001372278651135e-05,9.798270154501195119e-06,1.018096220192739479e-06,4.800547986015435305e-07
1.800000000000000000e+03,1.206050093975542220e-05,7.536407624623198649e-06,3.069208686154840737e-07,6.467005571688072039e-07
1.805000000000000000e+03,9.520604559209243476e-06,5.769125796544091125e-06,-2.805464265468298195e-07,6.288477599733351350e-07
1.810000000000000000e+03,7.477220517225381866e-06,4.397754737601447689e-06,-7.363326939356444037e-07,4.721342370017787663e-07
1.815000000000000000e+03,5.842534764655293351e-06,3.339940274599861292e-06,-1.057300971615151166e-06,2.393260693328596959e-07
1.820000000000000000e+03,4.542235861814140820e-06,2.527680016054306556e-06,-1.249948403860880688e-06,-5.338773564921687730e-09
1.825000000000000000e+03,3.513829295867787156e-06,1.905689229997409482e-06,-1.330673109854731198e-06,-2.094329534996988898e-07
1.830000000000000000e+03,2.705081506130444117e-06,1.429915536059410138e-06,-1.322949243971101547e-06,-3.405978894963388984e-07
1.835000000000000000e+03,2.072612082737729550e-06,1.066041848744830603e-06,-1.253069868959992078e-06,-3.886977467789448483e-07
1.840000000000000000e+03,1.580642186911005627e-06,7.879078677549154250e-07,-1.145948883812689241e-06,-3.625696752340893430e-07
1.845000000000000000e+03,1.199894027329673670e-06,5.758835283465018347e-07,-1.022040487757169242e-06,-2.833738372145341469e-07
1.850000000000000000e+03,9.066232711420378516e-07,4.152996534133985906e-07,-8.958660551703278147e-07,-1.769970285654499752e-07
1.855000000000000000e+03,6.817593323699242196e-07,2.950620744308842863e-07,-7.760839568281164802e-07,-6.758449150576007655e-08
1.860000000000000000e+03,5.101312910391100528e-07,2.065481061479238669e-07,-6.666418541649278973e-07,2.661240650383741581e-08
1.865000000000000000e+03,3.797681464350181916e-07,1.428259140929589447e-07,-5.683956983235107803e-07,9.485850373244811652e-08
1.870000000000000000e+03,2.812750179831574594e-07,9.817247766298111553e-08,-4.806520279634600084e-07,1.335375122877588414e-07
1.875000000000000000e+03,2.072949474154470528e-07,6.781752146873023377e-08,-4.022995467859382508e-07,1.445690330940320024e-07
1.880000000000000000e+03,1.520655489735701750e-07,4.782255768682395627e-08,-3.324293698793098328e-07,1.334302109049884157e-07
1.885000000000000000e+03,1.110719332603361045e-07,3.501582709235393631e-08,-2.705183403791763932e-07,1.073130686755478428e-07
1.890000000000000000e+03,8.078637182397636836e-08,2.693325278993252527e-08,-2.163359295254896779e-07,7.365293596714737445e-08
1.895000000000000000e+03,5.847603924421005708e-08,2.174596518698041585e-08,-1.697431266381321170e-07,3.905962841721709049e-08
1.900000000000000000e+03,4.205635982849143060e-08,1.817452733117694897e-08,-1.305101575439700735e-07,8.609268423665505695e-09
1.905000000000000000e+03,2.996994489613277215e-08,1.539616127075100718e-08,-9.821848051323938544e-08,-1.453128823368727003e-08
1.910000000000000000e+03,2.107825259362928620e-08,1.294943090850171839e-08,-7.225502664706507406e-08,-2.914863490689976122e-08
1.915000000000000000e+03,1.456171551320311310e-08,1.063839961983960343e-08,-5.186895064171516853e-08,-3.571078405941106157e-08
1.920000000000000000e+03,9.830761211410910689e-09,8.439238947124913320e-09,-3.624935716151170027e-08,-3.585157523344032402e-08
1.925000000000000000e+03,6.452786128002450569e-09,6.415594709379509346e-09,-2.459204521416141874e-08,-3.174671629696279153e-08
1.930000000000000000e+03,4.098702543404550977e-09,4.651082062331434308e-09,-1.614231170537926966e-08,-2.553983157372947330e-08
1.935000000000000000e+03,2.508909776419649248e-09,3.205478594172425676e-09,-1.021684104663987280e-08,-1.894277655568514653e-08
1.940000000000000000e+03,1.474821007136639690e-09,2.095923960684929739e-09,-6.214131755307946093e-09,-1.306040284750389583e-08
1.945000000000000000e+03,8.301420885532849871e-10,1.298464856374528607e-09,-3.620771756982044440e-09,-8.412755580728960327e-09
1.950000000000000000e+03,4.463812173790820231e-10,7.615188559255759588e-10,-2.015503106035030003e-09,-5.079223651456481102e-09
1.955000000000000000e+03,2.288669022021495150e-10,4.225487829671215151e-10,-1.069333984028742657e-09,-2.880606288234731493e-09
1.960000000000000000e+03,1.117202679170560952e-10,2.217436573865094076e-10,-5.397045552719378306e-10,-1.536953649431183335e-09
1.965000000000000000e+03,5.186009242474047854e-11,1.100248162367595380e-10,-2.587262826193933149e-10,-7.723294570504244134e-10
1.970000000000000000e+03,2.287029571918007955e-11,5.160817505693825678e-11,-1.176622752179734511e-10,-3.658107226445733495e-10
1.975000000000000000e+03,9.574456998079396340e-12,2.288139647596262680e-11,-5.071477084582340805e-11,-1.634105791361662194e-10
1.980000000000000000e+03,3.802691749762640792e-12,9.588419847431655862e-12,-2.070217491852833401e-11,-6.887600501783303154e-11
1.985000000000000000e+03,1.432133402484104180e-12,3.797411093584949293e-12,-7.999103397657057018e-12,-2.740106144312788445e-11
1.990000000000000000e+03,5.112240255973814351e-13,1.421305650265897614e-12,-2.924350048463089317e-12,-1.029180650068804619e-11
1.995000000000000000e+03,1.729121218257340642e-13,5.027303821745756139e-13,-1.011218309146776850e-12,-3.650294146779271474e-12
2.000000000000000000e+03,5.539894532805731474e-14,1.680438598185722868e-13,-3.306648910992598164e-13,-1.222767045387754563e-12
2.005000000000000000e+03,1.680871180492192862e-14,5.308167078912005725e-14,-1.022317505430231175e-13,-3.868937959198946749e-13
2.010000000000000000e+03,4.828752444777230981e-15,1.584518048629167054e-14,-2.988033020610210268e-14,-1.156413027801683198e-13
2.015000000000000000e+03,1.313186564292526834e-15,4.469694957200020412e-15,-8.255617368263131331e-15,-3.265422627481881954e-14
2.020000000000000000e+03,3.380202148960963484e-16,1.191474875003300123e-15,-2.156018444094297909e-15,-8.711563777230065614e-15
2.025000000000000000e+03,8.234286551284222134e-17,3.001352299657569314e-16,-5.322024569439560095e-16,-2.195850726018939527e-15
2.030000000000000000e+03,1.898128999657270245e-17,7.144524045430230975e-17,-1.241686063033616170e-16,-5.229677582964711503e-16
2.035000000000000000e+03,4.139970275907086342e-18,1.607138425866289089e-17,-2.738110073078925466e-17,-1.176859320264626873e-16
2.040000000000000000e+03,8.542810366927390920e-19,3.416304106183765539e-18,-5.706779634088897577e-18,-2.502426059577435317e-17
2.045000000000000000e+03,1.667634545886245719e-19,6.862506036279764875e-19,-1.124169156239652020e-18,-5.027968168713518442e-18
2.050000000000000000e+03,3.079397310925005136e-20,1.302661997771727100e-19,-2.093020267529631235e-19,-9.546061887147977154e-19
2.055000000000000000e+03,5.378566774063464986e-21,2.336702398578140688e-20,-3.683140446285605504e-20,-1.712620247145188771e-19
2.060000000000000000e+03,8.885407890889628614e-22,3.960934224631480813e-21,-6.125882911063601446e-21,-2.903398579310894795e-20
2.065000000000000000e+03,1.388271677357977035e-22,6.344747742286538125e-22,-9.630026190390572978e-22,-4.651187869106106822e-21
2.070000000000000000e+03,2.051333315026720335e-23,9.604030911220427242e-23,-1.430861166538495844e-22,-7.041010742466898169e-22
2.075000000000000000e+03,2.866440156814353205e-24,1.373773608167991709e-23,-2.009470305255984686e-23,-1.007214159191293562e-22
2.080000000000000000e+03,3.787705533255368036e-25,1.856945673246980142e-24,-2.667364611945076762e-24,-1.361525364197646443e-23
2.085000000000000000e+03,4.732814182735577878e-26,2.371950509650766802e-25,-3.346587943591041749e-25,-1.739193321541006550e-24
2.090000000000000000e+03,5.591870709336126284e-27,2.863086270161200923e-26,-3.968653860884914794e-26,-2.099370382594054725e-25
2.095000000000000000e+03,6.247048199607157884e-28,3.265770220775560056e-27,-4.448432908920857782e-27,-2.394694118522214375e-26
2.100000000000000000e+03,6.598714351048043595e-29,3.520133946707980115e-28,-4.712974386141394750e-28,-2.581257604395765940e-27
2.105000000000000000e+03,6.590192933158329592e-30,3.585544572090747497e-29,-4.719634235291948734e-29,-2.629259176886868901e-28
2.110000000000000000e+03,6.222711746200770108e-31,3.451226250061743121e-30,-4.467324571303786755e-30,-2.530792487763762056e-29
2.115000000000000000e+03,5.555116547665170849e-32,3.139164714680412250e-31,-3.996804570942244565e-31,-2.301977269426648616e-30
2.120000000000000000e+03,4.688441195356957460e-33,2.698218675005294685e-32,-3.379905740007133312e-32,-1.978641403899199071e-31
2.125000000000000000e+03,3.740899801696637846e-34,2.191606346652871771e-33,-2.701607581398589749e-33,-1.607144360593452035e-32
2.130000000000000000e+03,2.821805358580753400e-35,1.682171692671828480e-34,-2.041105288579028327e-34,-1.233572136246092265e-33
2.135000000000000000e+03,2.012208609705246213e-36,1.220114129672476860e-35,-1.457582770608918884e-35,-8.947386208451354299e-35
2.140000000000000000e+03,1.356456908038426185e-37,8.362824010462582583e-37,-9.838405242473888750e-37,-6.132673861926373261e-36
2.145000000000000000e+03,8.644075924872136963e-39,5.416613191284420565e-38,-6.276804964667774051e-38,-3.972150296101974819e-37
2.150000000000000000e+03,5.207192694148634268e-40,3.315316943644440881e-39,-3.785067332822303266e-39,-2.431216561040827217e-38
2.155000000000000000e+03,2.965203763073284767e-41,1.917540952293084751e-40,-2.157387088240285797e-40,-1.406189426642585200e-39
2.160000000000000000e+03,1.596117709553855747e-42,1.048061111821077810e-41,-1.162252084307846171e-41,-7.685749984871555300e-41
2.165000000000000000e+03,8.121359958842472676e-44,5.413160826093427150e-43,-5.918185415102592175e-43,-3.969638374643238629e-42
2.170000000000000000e+03,3.906073103134695622e-45,2.642029229578101221e-44,-2.848333620463403311e-44,-1.937483110814866385e-43
2.175000000000000000e+03,1.775801073299895167e-46,1.218559304507377597e-45,-1.295702194340758592e-45,-8.936083314228024662e-45
2.180000000000000000e+03,7.631070098329486532e-48,5.311021831193854116e-47,-5.570953148432086772e-47,-3.894743034363972609e-46
2.185000000000000000e+03,3.099622771074801519e-49,2.187418432311037643e-48,-2.263923043588019817e-48,-1.604104789671298765e-47
2.190000000000000000e+03,1.190035275709787892e-50,8.513497492864184934e-50,-8.695598559563191825e-50,-6.243225133118390607e-49
2.195000000000000000e+03,4.318510306530022205e-52,3.131169095521189791e-51,-3.156754200087320343e-51,-2.296188813971845095e-50
2.200000000000000000e+03,1.481245227195928878e-53,1.088246791970945583e-52,-1.083136747677571417e-52,-7.980471356576903700e-52
2.205000000000000000e+03,4.802139645718460934e-55,3.574132376493868378e-54,-3.512568622977617388e-54,-2.621029075755717396e-53
2.210000000000000000e+03,1.471477229359284026e-56,1.109267364551882633e-55,-1.076621658515586572e-55,-8.134624055518587266e-55
2.215000000000000000e+03,4.261667290072799681e-58,3.253300669403714016e-57,-3.118860465593664358e-57,-2.385753059761733404e-56
2.220000000000000000e+03,1.166565770920120969e-59,9.016428300333495787e-59,-8.539276984606694068e-59,-6.612045738709046359e-58
2.225000000000000000e+03,3.018138906367801323e-61,2.361387330040826942e-60,-2.209715605051043199e-60,-1.731683692477524112e-59
2.230000000000000000e+03,7.380168629649481790e-63,5.844162567805697624e-62,-5.404302126501775786e-62,-4.285718529675997329e-61
2.235000000000000000e+03,1.705639769096277905e-64,1.366783452172006446e-63,-1.249190498770952746e-63,-1.002307737430002158e-62
2.240000000000000000e+03,3.725626741638533680e-66,3.020643694100768555e-65,-2.728986783179854397e-65,-2.215138485303771458e-64
2.245000000000000000e+03,7.691296088485718378e-68,6.308435291976140071e-67,-5.634505804922039427e-67,-4.626185509843794661e-66
2.250000000000000000e+03,1.500669854549033819e-69,1.244990878180720550e-68,-1.099486340724374542e-68,-9.129932525380298936e-68
2.255000000000000000e+03,2.767283292027598871e-71,2.321844072113066589e-70,-2.027689579694076743e-70,-1.702685566799915520e-69
2.260000000000000000e+03,4.822835201880555696e-73,4.091874412048503751e-72,-3.534180956624930055e-72,-3.000707781692833741e-71
2.265000000000000000e+03,7.943815905236473893e-75,6.814498582409862868e-74,-5.821700819003459995e-74,-4.997298801090828590e-73
2.270000000000000000e+03,1.236606645974273822e-76,1.072427345737488573e-75,-9.063228390202853593e-76,-7.864467002909700801e-75
2.275000000000000000e+03,1.819313080625549329e-78,1.594866066403258563e-77,-1.333478776429685624e-77,-1.169568425170124952e-76
2.280000000000000000e+03,2.529616375176951566e-80,2.241315117037273923e-79,-1.854204732569030714e-79,-1.643631059566185639e-78
2.285000000000000000e+03,3.324078143243733651e-82,2.976486980293276981e-81,-2.436665740159865695e-81,-2.182757091178426271e-80
2.290000000000000000e+03,4.128147351374086640e-84,3.735316604346706874e-83,-3.026211479011563160e-83,-2.739232148902831939e-82
2.295000000000000000e+03,4.845121902405281202e-86,4.429688771104166461e-85,-3.551943405150040864e-85,-3.248438406123576619e-84
2.300000000000000000e+03,5.374251673028004110e-88,4.964109738940293218e-87,-3.939986160008015267e-87,-3.640347118723827393e-86
2.305000000000000000e+03,5.633695413689903914e-90,5.256926412708191202e-89,-4.130320476173171686e-89,-3.855079349828324950e-88
2.310000000000000000e+03,5.581220274636458220e-92,5.260715141244360772e-91,-4.091963464183643533e-91,-3.857857754748290939e-90
2.315000000000000000e+03,5.225451660282338187e-94,4.974850552625628884e-93,-3.831221693358092730e-93,-3.648223726947306956e-92
2.320000000000000000e+03,4.623553374302189555e-96,4.445674439938024465e-95,-3.389994554324851820e-95,-3.260161247685779196e-94
2.325000000000000000e+03,3.866195815541092925e-98,3.754202003386337345e-97,-2.834755385026684353e-97,-2.753081463601326560e-96
2.330000000000000000e+03,3.055247286205624159e-100,2.995849434021119397e-99,-2.240194791366302686e-99,-2.196956248096869916e-98
2.335000000000000000e+03,2.281718762862572450e-102,2.259148049542175158e-101,-1.673047850184071244e-101,-1.656708567555664645e-100
2.340000000000000000e+03,1.610385373742218637e-104,1.609873556644959144e-103,-1.180815781735461995e-103,-1.180573940345506866e-102
2.345000000000000000e+03,1.074108767568592696e-106,1.084079683167218128e-105,-7.876005454054698565e-106,-7.949917670168942445e-105
2.350000000000000000e+03,6.770430493954457103e-109,6.898473624530753625e-108,-4.964538132077032692e-108,-5.058880654757194553e-107
2.355000000000000000e+03,4.034415606810719404e-111,4.148271524027352225e-110,-2.958336039050065344e-110,-3.042065782742044471e-109
2.360000000000000000e+03,2.838543437976101835e-112,2.357239482586089839e-112,-2.081586732936801534e-111,-1.728642286532150150e-111
2.365000000000000000e+03,4.692095999311719267e-110,1.265792745800586670e-114,-3.440870398937428908e-109,-9.282480132893350861e-114
2.370000000000000000e+03,7.966412734749803360e-108,6.423087856721189834e-117,-5.842036005483164221e-107,-4.710264427061229359e-116
2.375000000000000000e+03,1.278151103858395144e-105,3.079977095041220655e-119,-9.373108094961564519e-105,-2.258649869239140670e-118
2.380000000000000000e+03,1.937866968147197843e-103,1.395640216217762245e-121,-1.421102443307945233e-102,-1.023469491728147441e-120
2.385000000000000000e+03,2.776438672172866285e-101,5.976154660917711624e-124,-2.036055026260101921e-100,-4.382513417445111775e-123
2.390000000000000000e+03,3.759019461032643328e-99,2.418201830561853128e-126,-2.756614271423938603e-98,-1.773348008888652938e-125
2.395000000000000000e+03,4.809317261900353667e-97,9.246675717906114606e-129,-3.526832658726926300e-96,-6.780892372792623380e-128
2.400000000000000000e+03,5.814530399567635739e-95,3.341189231145511334e-131,-4.263988959682933230e-94,-2.351536969223466552e-130
2.405000000000000000e+03,6.643060803875704569e-93,1.140877169848618937e-133,-4.871577922842183123e-92,2.916859838525392749e-129
2.410000000000000000e+03,7.172064291106005733e-91,3.687108399770172244e-136,-5.259513813477737465e-90,8.153165604750616358e-127
2.415000000000000000e+03,7.317158872619375466e-89,1.918905259976712092e-136,-5.365916506587542846e-88,2.152965080618052547e-124
2.420000000000000000e+03,7.054450000827771599e-87,5.902209387322786511e-134,-5.173263333940366316e-86,5.372450596826139105e-122
2.425000000000000000e+03,6.426968909700229093e-85,1.725623288662262455e-131,-4.713110533780168611e-84,1.266872083551666246e-119
2.430000000000000000e+03,5.533139283246685880e-83,4.767600260567641604e-129,-4.057635474380903174e-82,2.823047413511648997e-117
2.435000000000000000e+03,4.501521933630577990e-81,1.244732764882839104e-126,-3.301116084662424046e-80,5.944684910680482674e-115
2.440000000000000000e+03,3.460744224676880584e-79,3.070964970043053617e-124,-2.537879098096379095e-78,1.182946152874864974e-112
2.445000000000000000e+03,2.514212604744956998e-77,7.159720487592512737e-122,-1.843755910146301978e-76,2.224471262527052160e-110
2.450000000000000000e+03,1.726063862836334685e-75,1.577392418474531266e-119,-1.265780166079978818e-74,3.952888333434508881e-108
2.455000000000000000e+03,1.119783555303913582e-73,3.284020947003986006e-117,-8.211746072228699919e-73,6.637865795105185187e-106
2.460000000000000000e+03,6.864891455681124020e-72,6.460923374554662857e-115,-5.034253734166157614e-71,1.053340624867346804e-103
2.465000000000000000e+03,3.977000343732250595e-70,1.201173604815809257e-112,-2.916466918736983941e-69,1.579559300062237920e-101
2.470000000000000000e+03,2.177208126031881316e-68,2.110277193862722175e-110,-1.596619292423379439e-67,2.238360735017531979e-99
2.475000000000000000e+03,1.126332534209751941e-66,3.503448884974122081e-108,-8.259771917538180903e-66,2.997447583252316996e-97
2.480000000000000000e+03,5.506246828169821264e-65,5.496353315213440465e-106,-4.037914340657869095e-64,3.793157225210141847e-95
2.485000000000000000e+03,2.543707008365828476e-63,8.148470534351957986e-104,-1.865385139468274432e-62,4.536053829765404195e-93
2.490000000000000000e+03,1.110454738904435571e-61,1.141563789163091065e-101,-8.143334751965862354e-61,5.126064530435893480e-91
2.495000000000000000e+03,4.580965292524559613e-60,1.511286931609541050e-99,-3.359374547851343679e-59,5.474177647541335473e-89
2.500000000000000000e+03,1.785811047292824457e-58,1.890672732421541537e-97,-1.309594768014738006e-57,5.524374582428307332e-87
2.505000000000000000e+03,6.578643818466607669e-57,2.235159519050743965e-95,-4.824338800208846077e-56,5.268382044177714734e-85
2.510000000000000000e+03,2.290127205140814786e-55,2.497028253889654859e-93,-1.679426617103264394e-54,4.747903100094304167e-83
2.515000000000000000e+03,7.533645887064292347e-54,2.636095906665012436e-91,-5.524673650513814620e-53,4.043499985524889712e-81
2.520000000000000000e+03,2.341925976417435943e-52,2.629794583237854234e-89,-1.717412382706119889e-51,3.254203197113321779e-79
2.525000000000000000e+03,6.879604773650992095e-51,2.479164668441785802e-87,-5.045043500677394915e-50,2.474937085546468574e-77
2.530000000000000000e+03,1.909748505680848893e-49,2.208573792287993665e-85,-1.400482237499289188e-48,1.778757036537227814e-75
2.535000000000000000e+03,5.009694387671202841e-48,1.859265970285178049e-83,-3.673775884292215296e-47,1.208099811329868149e-73
2.540000000000000000e+03,1.241848597649499969e-46,1.479088887265381801e-81,-9.106889716096334529e-46,7.753959302460645643e-72
2.545000000000000000e+03,2.909031566382273113e-45,1.111911613383374354e-79,-2.133289815347000325e-44,4.703049895704956636e-70
2.550000000000000000e+03,6.439476770018685137e-44,7.898954261795324893e-78,-4.722282964680369167e-43,2.695702340701693603e-68
2.555000000000000000e+03,1.347023251022147568e-42,5.302642972450251146e-76,-9.878170507495749148e-42,1.460163676566225604e-66
2.560000000000000000e+03,2.662698341813241071e-41,3.363866548679435519e-74,-1.952645450663043894e-40,7.474281375364052086e-65
2.565000000000000000e+03,4.973833096562292989e-40,2.016549356225288578e-72,-3.647477604145681743e-39,3.615569860545433863e-63
2.570000000000000000e+03,8.779763394974661197e-39,1.142359616235012129e-70,-6.438493156314751631e-38,1.652816629690252896e-61
2.575000000000000000e+03,1.464524971461244804e-37,6.115344058977466278e-69,-1.073984979071579495e-36,7.140267202392369665e-60
2.580000000000000000e+03,2.308517199502554912e-36,3.093593322614937087e-67,-1.692912612968540425e-35,2.915059927369307901e-58
2.585000000000000000e+03,3.438680395007682450e-35,1.478870160081062057e-65,-2.521698956338967023e-34,1.124670216873199800e-56
2.590000000000000000e+03,4.840306636423130916e-34,6.680694694555242207e-64,-3.549558200043629396e-33,4.100616314342541217e-55
2.595000000000000000e+03,6.438375513860263130e-33,2.851925959366249811e-62,-4.721475376830859629e-32,1.412931033550590225e-53
2.600000000000000000e+03,8.092861274552478786e-32,1.150483072606998621e-60,-5.934764934671817849e-31,4.600896322748690767e-52
2.605000000000000000e+03,9.612807697517216179e-31,4.385791176525116572e-59,-7.049392311512625548e-30,1.415844207037386834e-50
2.610000000000000000e+03,1.078998346435948313e-29,1.579944404693243180e-57,-7.912654540530287816e-29,4.117579929086803615e-49
2.615000000000000000e+03,1.144494397024977156e-28,5.378513488498921140e-56,-8.392958911516500336e-28,1.131681721127707453e-47
2.620000000000000000e+03,1.147173037204425864e-27,1.730253916302142511e-54,-8.412602272832455621e-27,2.939439616000415850e-46
2.625000000000000000e+03,1.086592144540253971e-26,5.259992551107622924e-53,-7.968342393295193970e-26,7.215479551587613643e-45
2.630000000000000000e+03,9.725827525792251296e-26,1.511084636870631927e-51,-7.132273518914314633e-25,1.673897531740148469e-43
2.635000000000000000e+03,8.226383328824417366e-25,4.102244802997358166e-50,-6.032681107804567898e-24,3.669934509497545832e-42
2.640000000000000000e+03,6.575271701808396478e-24,1.052408450552415454e-48,-4.821865914659480808e-23,7.604251638519806748e-41
2.645000000000000000e+03,4.966390373608053731e-23,2.551396813634647824e-47,-3.642019607312556358e-22,1.489109036559032058e-39
2.650000000000000000e+03,3.544789121343960073e-22,5.845258282770762938e-46,-2.599512022318877471e-21,2.755952348106825269e-38
2.655000000000000000e+03,2.390905284403358501e-21,1.265501455973834564e-44,-1.753330541895755835e-20,4.820539414899896720e-37
2.660000000000000000e+03,1.523901091247216355e-20,2.589144176022949268e-43,-1.117527466914567288e-19,7.968967700615147839e-36
2.665000000000000000e+03,9.178541221950435151e-20,5.005944702158178018e-42,-6.730930229429529961e-19,1.245073495319344438e-34
2.670000000000000000e+03,5.224119097590492922e-19,9.146477911590948738e-41,-3.831020671565349143e-18,1.838563556393999409e-33
2.675000000000000000e+03,2.809797819346223231e-18,1.579289722763070244e-39,-2.060518400852668395e-17,2.566005286539501675e-32
2.680000000000000000e+03,1.428103789981727165e-17,2.576986464467640886e-38,-1.047276112651858327e-16,3.384826863287868540e-31
2.685000000000000000e+03,6.859102942625830397e-17,3.973813959319868590e-37,-5.030008824577019958e-16,4.220077627493505521e-30
2.690000000000000000e+03,3.113134867217018311e-16,5.790966054542927893e-36,-2.282965569276864725e-15,4.972958557109158295e-29
2.695000000000000000e+03,1.335217236736305271e-15,7.975282203582572156e-35,-9.791593069248529977e-15,5.538922883386324916e-28
2.700000000000000000e+03,5.411650736062266047e-15,1.037998203101680731e-33,-3.968543872974265312e-14,5.831198898336976682e-27
2.705000000000000000e+03,2.072679175204023311e-14,1.276753811243314836e-32,-1.519964728363694538e-13,5.802548263940523411e-26
2.710000000000000000e+03,7.501702860589935780e-14,1.484167485885038778e-31,-5.501248763459196601e-13,5.457763263553370405e-25
2.715000000000000000e+03,2.565750756606771803e-13,1.630533684996917924e-30,-1.881550554094127321e-12,4.852356084109597656e-24
2.720000000000000000e+03,8.292737378382064010e-13,1.692990578760220249e-29,-6.081340738673996720e-12,4.077932643930730683e-23
2.725000000000000000e+03,2.532871174164733538e-12,1.661364808377711118e-28,-1.857438857284472716e-11,3.239549350482482536e-22
2.730000000000000000e+03,7.310788865619822693e-12,1.540884644136317213e-27,-5.361245143584601667e-11,2.432733053407672708e-21
2.735000000000000000e+03,1.994148187679992990e-11,1.350766244115463292e-26,-1.462375322539939504e-10,1.726943549678133732e-20
2.740000000000000000e+03,5.140454146973397782e-11,1.119198375686269800e-25,-3.769666286725919137e-10,1.158896308016922419e-19
2.745000000000000000e+03,1.252302398626852780e-10,8.765251658820988480e-25,-9.183550441445042437e-10,7.351959227277132713e-19
2.750000000000000000e+03,2.883361597556056263e-10,6.488852194019290382e-24,-2.114464921457818720e-09,4.409236498818123334e-18
2.755000000000000000e+03,6.274772397822822344e-10,4.540834637942145159e-23,-4.601498531788427918e-09,2.499974676852338105e-17
2.760000000000000000e+03,1.290757258417838606e-09,3.003922602126261149e-22,-9.465547543085306813e-09,1.340078530256751883e-16
2.765000000000000000e+03,2.510122579425786034e-09,1.878673077519894306e-21,-1.840754068110596988e-08,6.791382802983277109e-16
2.770000000000000000e+03,4.615618703807954726e-09,1.110838786723429342e-20,-3.384776742891343165e-08,3.254099028052390325e-15
2.775000000000000000e+03,8.027237913718783258e-09,6.210413143677577259e-20,-5.886600825317955256e-08,1.474210646780764815e-14
2.780000000000000000e+03,1.320903756957842104e-08,3.283196758943148944e-19,-9.686478558375139209e-08,6.314755130804832196e-14
2.785000000000000000e+03,2.057714952488614487e-08,1.641434154381241594e-18,-1.508938926632977960e-07,2.557607885962580764e-13
2.790000000000000000e+03,3.037041296314499686e-08,7.761579567464674572e-18,-2.226991862483740294e-07,9.795000370188925283e-13
2.795000000000000000e+03,4.251601626816547626e-08,3.471639909131154354e-17,-3.117305498148553625e-07,3.547160337408928744e-12
2.800000000000000000e+03,5.654197277081241156e-08,1.469075395164806051e-16,-4.144832446275065761e-07,1.214719737481581487e-11
2.805000000000000000e+03,7.158915212054360344e-08,5.882418408218713159e-16,-5.245473568950166883e-07,3.933720267376398372e-11
2.810000000000000000e+03,8.654877776811851526e-08,2.229256800149173246e-15,-6.335335713050194951e-07,1.204692811853287471e-10
2.815000000000000000e+03,1.003021948223716717e-07,7.997626637892968661e-15,-7.326704507115758089e-07,3.489056988287444217e-10
2.820000000000000000e+03,1.119906888384932338e-07,2.716943723999541482e-14,-8.144977819513067182e-07,9.556793645771307088e-10
2.825000000000000000e+03,1.212235867379041418e-07,8.743007399980942267e-14,-8.739399236646076611e-07,2.475724520191881171e-09
2.830000000000000000e+03,1.281601483915901194e-07,2.666053526446927662e-13,-9.082793760870654485e-07,6.065855355302770094e-09
2.835000000000000000e+03,1.334644305211388022e-07,7.707307623544226993e-13,-9.161081717490041285e-07,1.405708527513026445e-08
2.840000000000000000e+03,1.381955553886960634e-07,2.113486167119322196e-12,-8.959470665611087407e-07,3.081245936118152799e-08
2.845000000000000000e+03,1.437174753708666178e-07,5.501065344468191532e-12,-8.455488253417818942e-07,6.388526072217879146e-08
2.850000000000000000e+03,1.516767825773239113e-07,1.360191462008922701e-11,-7.627264786056864039e-07,1.252955271246335567e-07
2.855000000000000000e+03,1.640299447130455193e-07,3.198199781400993742e-11,-6.479107047400337822e-07,2.324621228013227876e-07
2.860000000000000000e+03,1.830554839458719501e-07,7.160364175888849575e-11,-5.078119525587394397e-07,4.080173898120714787e-07
2.865000000000000000e+03,2.113045788291055773e-07,1.529087615433149938e-10,-3.588852523413573364e-07,6.775723003714102662e-07
2.870000000000000000e+03,2.515211163161055392e-07,3.121583130839955769e-10,-2.290179769118828075e-07,1.064746152014228532e-06
2.875000000000000000e+03,3.066419860657565468e-07,6.110103428399995296e-10,-1.560660547612604587e-07,1.583624613656415799e-06
2.880000000000000000e+03,3.799942725989628201e-07,1.151128867529961211e-09,-1.825009666379615352e-07,2.230206390067349645e-06
2.885000000000000000e+03,4.757002821906597796e-07,2.097526730687120329e-09,-3.463750191214003544e-07,2.975873979689524960e-06
2.890000000000000000e+03,5.991266412883726681e-07,3.718072544460628846e-09,-6.698903593504163693e-07,3.766651875142811338e-06
2.895000000000000000e+03,7.570846168842844134e-07,6.452417852570435292e-09,-1.147817279611394886e-06,4.531168004559819640e-06
2.900000000000000000e+03,9.575274195591685683e-07,1.103035583331784851e-08,-1.738526436902271281e-06,5.197535159045709241e-06
2.905000000000000000e+03,1.208738277278000878e-06,1.866349805084876064e-08,-2.360177320111837328e-06,5.715524838401568424e-06
2.910000000000000000e+03,1.518367861082301036e-06,3.132829450397334942e-08,-2.893547753583905783e-06,6.077046861747396521e-06
2.915000000000000000e+03,1.892960383964026929e-06,5.213474954820608221e-08,-3.191385018760576002e-06,6.326954879146433424e-06
2.920000000000000000e+03,2.338601935860883069e-06,8.572960188859792194e-08,-3.092694038424627170e-06,6.558688761850292099e-06
2.925000000000000000e+03,2.862959109704006093e-06,1.386229205999396037e-07,-2.439864977977860614e-06,6.894807370429338011e-06
2.930000000000000000e+03,3.478378310494878053e-06,2.192788966784272085e-07,-1.097398267481132323e-06,7.459007708389492514e-06
2.935000000000000000e+03,4.205170385903989588e-06,3.378173875842328105e-07,1.027276723583997925e-06,8.350854428312246228e-06
2.940000000000000000e+03,5.074004658209549806e-06,5.052753049807346039e-07,3.959222060931797348e-06,9.634635444286615915e-06
2.945000000000000000e+03,6.126615781623463147e-06,7.325901529584834708e-07,7.627118578173736249e-06,1.134860649872411209e-05
2.950000000000000000e+03,7.414676015698571209e-06,1.029746135746716958e-06,1.183381877021898788e-05,1.353179251199428562e-05
2.955000000000000000e+03,8.997401092505156656e-06,1.405749854863675819e-06,1.623624159997980737e-05,1.625603709136655675e-05
2.960000000000000000e+03,1.093890558382939690e-05,1.870120196700356371e-06,2.034947789590361360e-05,1.964570391581971584e-05
2.965000000000000000e+03,1.330631896587661563e-05,2.436260778892128659e-06,2.358974163050768115e-05,2.386993432632392504e-05
2.970000000000000000e+03,1.616927721938896174e-05,3.126434748877516488e-06,2.536279269802252351e-05,2.910314881926206462e-05
2.975000000000000000e+03,1.960087840375250866e-05,3.977270818766784875e-06,2.518929930992051930e-05,3.546481059138842270e-05
2.980000000000000000e+03,2.367983377249233701e-05,5.044149964489556346e-06,2.284080222709996053e-05,4.296235344139911312e-05
2.985000000000000000e+03,2.849350586280396334e-05,6.402835943088920215e-06,1.844680368823290015e-05,5.146453601001966128e-05
2.990000000000000000e+03,3.414169689973599569e-05,8.147522297882661075e-06,1.253249462005547752e-05,6.072311191537810944e-05
2.995000000000000000e+03,4.074114943098856731e-05,1.038592289313728952e-05,5.961774828975793805e-06,7.044162127998313309e-05
3.000000000000000000e+03,4.843049990579057976e-05,1.323360450188706451e-05,-2.110333185958090333e-07,8.036955236592252169e-05
3.005000000000000000e+03,5.737490648831225954e-05,1.681072457109712855e-05,-4.944837064373017485e-06,9.038749612035996376e-05
3.010000000000000000e+03,6.776910285043660363e-05,2.124409210897578977e-05,-7.412342679720953446e-06,1.005501353542859302e-04
3.015000000000000000e+03,7.983768959060753205e-05,2.667582934947968756e-05,-7.137788353980978582e-06,1.110689632850809480e-04
3.020000000000000000e+03,9.383233408490948199e-05,3.327724171931028499e-05,-4.033775125114636279e-06,1.222403590407311960e-04
3.025000000000000000e+03,1.100270234068192164e-04,4.126365614472100917e-05,1.665845106645404311e-06,1.343492860161791624e-04
3.030000000000000000e+03,1.287140063364587434e-04,5.090410677615941269e-05,9.547720733152269219e-06,1.475960228539736246e-04
3.035000000000000000e+03,1.502038606762828594e-04,6.251998869311402144e-05,1.918913537858081135e-05,1.620948531178449735e-04
3.040000000000000000e+03,1.748327484337738413e-04,7.646992834112103306e-05,3.031070317073634567e-05,1.779732494598093074e-04
3.045000000000000000e+03,2.029782796551933240e-04,9.312394738578324953e-05,4.287573560273828018e-05,1.955575368709041087e-04
3.050000000000000000e+03,2.350827640618401203e-04,1.128368670603279296e-04,5.711093055067151237e-05,2.155774918740637500e-04
3.055000000000000000e+03,2.716795622392007654e-04,1.359357043829524160e-04,7.343363556873404860e-05,2.392818456429338125e-04
3.060000000000000000e+03,3.134156466316396659e-04,1.627350389850053074e-04,9.229021464780567290e-05,2.683580440064948537e-04
3.065000000000000000e+03,3.610625066076630398e-04,1.935860599141619694e-04,1.139454897837026979e-04,3.046096041579138118e-04
3.070000000000000000e+03,4.155092563556475886e-04,2.289508530609435345e-04,1.383075670802059293e-04,3.494509035343548752e-04
3.075000000000000000e+03,4.777365418322983021e-04,2.694790248217630120e-04,1.648994569884569853e-04,4.033881576672547617e-04
3.080000000000000000e+03,5.487765250395155048e-04,3.160564382560838732e-04,1.930666172025270809e-04,4.657085230025463348e-04
3.085000000000000000e+03,6.296704089809868066e-04,3.698011527586721994e-04,2.224239397496823630e-04,5.345568475898690008e-04
3.090000000000000000e+03,7.214377294355292427e-04,4.319995599273755379e-04,2.534201086445762147e-04,6.074474998252049878e-04
3.095000000000000000e+03,8.250689877211914939e-04,5.039997289395234175e-04,2.877901340639321096e-04,6.820910284217845780e-04
3.100000000000000000e+03,9.415452489675229337e-04,5.870989186711559477e-04,3.286447826320094447e-04,7.572867012036805416e-04
3.105000000000000000e+03,1.071877585526386000e-03,6.824690608932030243e-04,3.800443892530970492e-04,8.335957055313673956e-04
3.110000000000000000e+03,1.217149794799523123e-03,7.911542233741661366e-04,4.461014024122106673e-04,9.135708984450154838e-04
3.115000000000000000e+03,1.378543780159235260e-03,9.141508920261786925e-04,5.298716698642823254e-04,1.001439290639038679e-03
3.120000000000000000e+03,1.557330735682696402e-03,1.052553482939080779e-03,6.324276494945598815e-04,1.102263937382488065e-03
3.125000000000000000e+03,1.754822171363708662e-03,1.207723146286701892e-03,7.524850402794804917e-04,1.220724668103684426e-03
3.130000000000000000e+03,1.972288972707671346e-03,1.381425098629745791e-03,8.867740081499831881e-04,1.359750499317435119e-03
3.135000000000000000e+03,2.210868274386876883e-03,1.575882404269208408e-03,1.031077919185959153e-03,1.519311894992111858e-03
3.140000000000000000e+03,2.471481680057056006e-03,1.793712371815066840e-03,1.181618658047592927e-03,1.695715754642209598e-03
3.145000000000000000e+03,2.754782267807970569e-03,2.037741382211925769e-03,1.336347958143268601e-03,1.881695024192464724e-03
3.150000000000000000e+03,3.061134445788970052e-03,2.310726667212395936e-03,1.495749306945745507e-03,2.067416384234944948e-03
3.155000000000000000e+03,3.390616157484477658e-03,2.615038295037388702e-03,1.662932063572889786e-03,2.242268546899774118e-03
3.160000000000000000e+03,3.743023726886892961e-03,2.952361701048122032e-03,1.843025564947202172e-03,2.397031991819173220e-03
3.165000000000000000e+03,4.117859401049061771e-03,3.323467510497452558e-03,2.042068481576772999e-03,2.525885094153393264e-03
3.170000000000000000e+03,4.514289500059802916e-03,3.728068126815386931e-03,2.265684763114556369e-03,2.627743099975054369e-03
3.175000000000000000e+03,4.931072802372627427e-03,4.164754374559655539e-03,2.517837807742184970e-03,2.706634408655019409e-03
3.180000000000000000e+03,5.366469793900507414e-03,4.630994751423132307e-03,2.799888009038576688e-03,2.771092540689783050e-03
3.185000000000000000e+03,5.818151184367223450e-03,5.123188684092203765e-03,3.110081606004641216e-03,2.832767008984451995e-03
3.190000000000000000e+03,6.283128324966451121e-03,5.636783148157336470e-03,3.443497624802960896e-03,2.904571713963388733e-03
3.195000000000000000e+03,6.757728835285213564e-03,6.166469958617727676e-03,3.792394137833910665e-03,2.998710950730172024e-03
3.200000000000000000e+03,7.237636552588620244e-03,6.706464922755147121e-03,4.146845168734617990e-03,3.124903585784184670e-03
3.205000000000000000e+03,7.718004033985584843e-03,7.250833365090986020e-03,4.495562103070619570e-03,3.289095575046182239e-03
3.210000000000000000e+03,8.193628871392230617e-03,7.793791244049888371e-03,4.826843566840352366e-03,3.492889984630218828e-03
3.215000000000000000e+03,8.659167276227244803e-03,8.329904259209772524e-03,5.129656127506355100e-03,3.733792161177220542e-03
3.220000000000000000e+03,9.109348282914177947e-03,8.854141760765727592e-03,5.394856852863330263e-03,4.006163865028169839e-03
3.225000000000000000e+03,9.539156248604357610e-03,9.361804967758525706e-03,5.616493453459573022e-03,4.302571039637157098e-03
3.230000000000000000e+03,9.943967781584815702e-03,9.848407309984113026e-03,5.792984482989206943e-03,4.615101154937985978e-03
3.235000000000000000e+03,1.031965332228504569e-02,1.030960641254951952e-02,5.927871914452127224e-03,4.936289976215453047e-03
3.240000000000000000e+03,1.066267110986367055e-02,1.074126090962120549e-02,6.029836731135249789e-03,5.259514681007817702e-03
3.245000000000000000e+03,1.097018338004830326e-02,1.113962654397964228e-02,6.111805734838014759e-03,5.578971790442972638e-03
3.250000000000000000e+03,1.124021077742048784e-02,1.150164623573721526e-02,6.189209203823195504e-03,5.889530488431535260e-03
3.255000000000000000e+03,1.147181825860355865e-02,1.182525531476284232e-02,6.277682641598374830e-03,6.186755780856166564e-03
3.260000000000000000e+03,1.166530425970471740e-02,1.210962520500671186e-02,6.390657125013762471e-03,6.467249407527230279e-03
3.265000000000000000e+03,1.182235236177776351e-02,1.235529739027003103e-02,6.537311223448957764e-03,6.729252005032432607e-03
3.270000000000000000e+03,1.194610416357642230e-02,1.256419683258970868e-02,6.721270202284995721e-03,6.973291643841056375e-03
3.275000000000000000e+03,1.204112254138804509e-02,1.273954463741828851e-02,6.940273452213634869e-03,7.202610150690725438e-03
3.280000000000000000e+03,1.211323256607164944e-02,1.288570488413375709e-02,7.186841597156271716e-03,7.423148519306308098e-03
3.285000000000000000e+03,1.216924837464164987e-02,1.300799754430608662e-02,7.449814197703540954e-03,7.642990245196396720e-03
3.290000000000000000e+03,1.221661275255778341e-02,1.311249100344788129e-02,7.716532053986114095e-03,7.871306632928358818e-03
3.295000000000000000e+03,1.226298693124810296e-02,1.320576286784232514e-02,7.975397507304412409e-03,8.116986370079246407e-03
3.300000000000000000e+03,1.231582864497625558e-02,1.329460102147379634e-02,8.218510465151065286e-03,8.387225868671270221e-03
3.305000000000000000e+03,1.238198884002453086e-02,1.338562203396796886e-02,8.443991416255609492e-03,8.686369861418975422e-03
3.310000000000000000e+03,1.246734741358873633e-02,1.348481388492342968e-02,8.657470671744209312e-03,9.015211486418893416e-03
3.315000000000000000e+03,1.257650189425642794e-02,1.359705108353914844e-02,8.872147052875117845e-03,9.370825641447061427e-03
3.320000000000000000e+03,1.271252177307393913e-02,1.372565882352901404e-02,9.106952779507722015e-03,9.746893940736281806e-03
3.325000000000000000e+03,1.287678156036099926e-02,1.387210008483120809e-02,9.382795085175659258e-03,1.013444067365261436e-02
3.330000000000000000e+03,1.306888190440992289e-02,1.403582555038733644e-02,9.717499840024739974e-03,1.052292104692697031e-02
3.335000000000000000e+03,1.328665816854190246e-02,1.421428045206914008e-02,1.012070108363046644e-02,1.090160443727042697e-02
3.340000000000000000e+03,1.352626405036345958e-02,1.440303109039083908e-02,1.059018708918023702e-02,1.126110535814127747e-02
3.345000000000000000e+03,1.378231207099452071e-02,1.459597185370663415e-02,1.111093371518210790e-02,1.159475634911677142e-02
3.350000000000000000e+03,1.404805804513961816e-02,1.478559600142019016e-02,1.165727993870568219e-02,1.189941603593613721e-02
3.355000000000000000e+03,1.431563020359164461e-02,1.496334021138778607e-02,1.219771276616037764e-02,1.217539910064087925e-02
3.360000000000000000e+03,1.457631616611883112e-02,1.512002356026797244e-02,1.270091006861136587e-02,1.242552292823407081e-02
3.365000000000000000e+03,1.482092294392795342e-02,1.524638855504786145e-02,1.314134217750752981e-02,1.265363875577216017e-02
3.370000000000000000e+03,1.504021326066413804e-02,1.533372273873673600e-02,1.350296007180796544e-02,1.286321816246946588e-02
3.375000000000000000e+03,1.522540020363785142e-02,1.537450924619663054e-02,1.378018757198780191e-02,1.305644985156250229e-02
3.380000000000000000e+03,1.536866027988518721e-02,1.536303485782917165e-02,1.397632530785814647e-02,1.323393224038989929e-02
3.385000000000000000e+03,1.546361020337222968e-02,1.529587741033910410e-02,1.410025654545248204e-02,1.339467674496104717e-02
3.390000000000000000e+03,1.550568935538732332e-02,1.517219896952989693e-02,1.416276340758170979e-02,1.353602714512433178e-02
3.395000000000000000e+03,1.549239864250641016e-02,1.499378731101763500e-02,1.417369171363589905e-02,1.365332643603778089e-02
3.400000000000000000e+03,1.542336611766373551e-02,1.476482028504882624e-02,1.414069353188501799e-02,1.373954738927149477e-02
3.405000000000000000e+03,1.530023694953469744e-02,1.449137716547535711e-02,1.406954534930535822e-02,1.378534656879501497e-02
3.410000000000000000e+03,1.512641416264669941e-02,1.418077828763505445e-02,1.396539552877486441e-02,1.377990520405509255e-02
3.415000000000000000e+03,1.490669889346042838e-02,1.384087717497238176e-02,1.383400983904264220e-02,1.371253652843617415e-02
3.420000000000000000e+03,1.464688741582968572e-02,1.347943508778597435e-02,1.368226311947184394e-02,1.357463062246144943e-02
3.425000000000000000e+03,1.435337458477824180e-02,1.310366917050616135e-02,1.351764521510449325e-02,1.336134986155113231e-02
3.430000000000000000e+03,1.403279451915437522e-02,1.271999862001048712e-02,1.334711603446737602e-02,1.307266732188326792e-02
3.435000000000000000e+03,1.369170926159470406e-02,1.233395096804276898e-02,1.317595093033361621e-02,1.271370016761402474e-02
3.440000000000000000e+03,1.333634424656461245e-02,1.195016133082189153e-02,1.300711782712218358e-02,1.229455756961493444e-02
3.445000000000000000e+03,1.297236904466984170e-02,1.157240868173292289e-02,1.284132163072540522e-02,1.182991766790240928e-02
3.450000000000000000e+03,1.260472878558838161e-02,1.120366794460528857e-02,1.267742125386897047e-02,1.133831423168003144e-02
3.455000000000000000e+03,1.223753750437592616e-02,1.084618693624522963e-02,1.251275455701108402e-02,1.084088101244314560e-02
3.460000000000000000e+03,1.187404283753958241e-02,1.050160277205630655e-02,1.234310128790311323e-02,1.035931143518378089e-02
3.465000000000000000e+03,1.151666147054312625e-02,1.017109272424562491e-02,1.216243177135593184e-02,9.913112460716586374e-03
3.470000000000000000e+03,1.116707172532795458e-02,9.855526273829759085e-03,1.196293541011030429e-02,9.516700911776112409e-03
3.475000000000000000e+03,1.082634060361490659e-02,9.555569216203655541e-03,1.173584464794163659e-02,9.177214022322115888e-03
3.480000000000000000e+03,1.049506147688822853e-02,9.271699361858560043e-03,1.147321874960325130e-02,8.893848598780808995e-03
3.485000000000000000e+03,1.017348448058896272e-02,9.004124427810206166e-03,1.117031408947939848e-02,8.659079618756882618e-03
3.490000000000000000e+03,9.861630076234570441e-03,8.752632873966589844e-03,1.082774616479153032e-02,8.461439142646734121e-03
3.495000000000000000e+03,9.559382630344000903e-03,8.516441133963164808e-03,1.045257863821030982e-02,8.288967077859433694e-03
3.500000000000000000e+03,9.266563269205045639e-03,8.294112915646235235e-03,1.005779564682899793e-02,8.132224046931741876e-03
3.505000000000000000e+03,8.982980770527417697e-03,8.083612107177248415e-03,9.660166925863359483e-03,7.985958053238892060e-03
3.510000000000000000e+03,8.708458331726592894e-03,7.882512555875789348e-03,9.277054156125523823e-03,7.849034206133224598e-03
3.515000000000000000e+03,8.442834612676903758e-03,7.688335831989646582e-03,8.923032184732089880e-03,7.722856977354779738e-03
3.520000000000000000e+03,8.185939896239044500e-03,7.498938801882751304e-03,8.607235041809874546e-03,7.609013867614617711e-03
3.525000000000000000e+03,7.937551869988308112e-03,7.312845322788546869e-03,8.332120169667946510e-03,7.507087095577270885e-03
3.530000000000000000e+03,7.697339492090030273e-03,7.129424248145348544e-03,8.093961519836852594e-03,7.413456180238926774e-03
3.535000000000000000e+03,7.464806800036353183e-03,6.948859900135677739e-03,7.884923816113786205e-03,7.321504240923319869e-03
3.540000000000000000e+03,7.239250225171032019e-03,6.771926257113872888e-03,7.696129870660020980e-03,7.223102935003412710e-03
3.545000000000000000e+03,7.019741461408443919e-03,6.599637110010402041e-03,7.520824484703487155e-03,7.110796094591906313e-03
3.550000000000000000e+03,6.805142046985392275e-03,6.432877681998933062e-03,7.356683893224155377e-03,6.979905894078188879e-03
3.555000000000000000e+03,6.594146202764450578e-03,6.272117962296361315e-03,7.206586997087744903e-03,6.829902770103985464e-03
3.560000000000000000e+03,6.385338474409134324e-03,6.117270678657671032e-03,7.077697945040089568e-03,6.664719989609530978e-03
3.565000000000000000e+03,6.177247491962890857e-03,5.967705756617831987e-03,6.979315850255909774e-03,6.492076879700933896e-03
3.570000000000000000e+03,5.968380835071899343e-03,5.822388211166370370e-03,6.920371927831460782e-03,6.322141196213399567e-03
3.575000000000000000e+03,5.757238519860735648e-03,5.680080519511751004e-03,6.907510425277254770e-03,6.165949056210700586e-03
3.580000000000000000e+03,5.542318484744890132e-03,5.539546557129111301e-03,6.944360432166987208e-03,6.033949203222981235e-03
3.585000000000000000e+03,5.322137895261341844e-03,5.399707572144194986e-03,7.032051964694622896e-03,5.934926063164350576e-03
3.590000000000000000e+03,5.095292129842552038e-03,5.259723501372594485e-03,7.170502338299522549e-03,5.875437629088190242e-03
3.595000000000000000e+03,4.860558493881001266e-03,5.118997073690971858e-03,7.359712196337874802e-03,5.859790914035913935e-03
3.600000000000000000e+03,4.617031179130382142e-03,4.977117090820342218e-03,7.600352732086317238e-03,5.890463726781508536e-03
3.605000000000000000e+03,4.364258595605278838e-03,4.833767357433379000e-03,7.893243541895760343e-03,5.968776649777963496e-03
3.610000000000000000e+03,4.102351922292855543e-03,4.688628880554547920e-03,8.237768586094989728e-03,6.095553766379316861e-03
3.615000000000000000e+03,3.832044716756930012e-03,4.541298154861932342e-03,8.629688659392370509e-03,6.271514071350502498e-03
3.620000000000000000e+03,3.554700251957340022e-03,4.391237534519633508e-03,9.059050698572285870e-03,6.497212928061874351e-03
3.625000000000000000e+03,3.272276012339195381e-03,4.237767298181959082e-03,9.508901510194182199e-03,6.772483246026827532e-03
3.630000000000000000e+03,2.987257547978899343e-03,4.080102976999516393e-03,9.955296174057820871e-03,7.095475543665574758e-03
3.635000000000000000e+03,2.702567968417324100e-03,3.917434459448705664e-03,1.036872891431678441e-02,7.461531268296718589e-03
3.640000000000000000e+03,2.421451511287058943e-03,3.749034857611308839e-03,1.071673151904713357e-02,7.862213162718685588e-03
3.645000000000000000e+03,2.147326907141743849e-03,3.574378911469335788e-03,1.096710953945442650e-02,8.284828729193444499e-03
3.650000000000000000e+03,1.883611416733042268e-03,3.393246223318284373e-03,1.109120139199684489e-02,8.712694823266482758e-03
3.655000000000000000e+03,1.633526674476665436e-03,3.205786831772897919e-03,1.106665198056381791e-02,9.126207660958085902e-03
3.660000000000000000e+03,1.399907023008503237e-03,3.012536165970518265e-03,1.087941480741843638e-02,9.504550403586279478e-03
3.665000000000000000e+03,1.185034870532646577e-03,2.814380807183994998e-03,1.052492187503706496e-02,9.827671900647929129e-03
3.670000000000000000e+03,9.905241460790288697e-04,2.612490939277731846e-03,1.000849654982237033e-02,1.007808653801078869e-02
3.675000000000000000e+03,8.172640584701462057e-04,2.408244489458808042e-03,9.345102077069088187e-03,1.024211453705703954e-02
3.680000000000000000e+03,6.654246923738246864e-04,2.203167789716393207e-03,8.558458440104797782e-03,1.031037682809270335e-02
3.685000000000000000e+03,5.345167650670787710e-04,1.998907404481828094e-03,7.679501943309975306e-03,1.027759898111815090e-02
3.690000000000000000e+03,4.234919031089153570e-04,1.797230922304783899e-03,6.744174133205649985e-03,1.014197303101157036e-02
3.695000000000000000e+03,3.308673768370444133e-04,1.600037667436108669e-03,5.790629724126481262e-03,9.904412152770514580e-03
3.700000000000000000e+03,2.548597570946442136e-04,1.409350942756075215e-03,4.856110265047353276e-03,9.567997708663053547e-03
3.705000000000000000e+03,1.935145015421059326e-04,1.227266466745408026e-03,3.973870093569606930e-03,9.137790599781562759e-03
3.710000000000000000e+03,1.448220516765604004e-04,1.055846742297249317e-03,3.170596139380546519e-03,8.621011157314216813e-03
3.715000000000000000e+03,1.068147173409798542e-04,8.969722550425453548e-04,2.464701780891686081e-03,8.027438965703579191e-03
3.720000000000000000e+03,7.764176241781584899e-05,7.521787167509362115e-04,1.865712643656482986e-03,7.369790294015878679e-03
3.725000000000000000e+03,5.562238753794532817e-05,6.225173942179925085e-04,1.374749794103416033e-03,6.663820681561961369e-03
3.730000000000000000e+03,3.927783433711615679e-05,5.084701504318062419e-04,9.859154169583799008e-04,5.927972313635713857e-03
3.735000000000000000e+03,2.734491328104126821e-05,4.099353077030009349e-04,6.882482134155592330e-04,5.182513011623164807e-03
3.740000000000000000e+03,1.877410754173240620e-05,3.262817467627060768e-04,4.678657797753445896e-04,4.448252621771850782e-03
3.745000000000000000e+03,1.271602408063376614e-05,2.564537797190118151e-04,3.099473325401614016e-04,3.745030614705545033e-03
3.750000000000000000e+03,8.500189767017465176e-06,1.991022577593323166e-04,2.003093552090840391e-04,3.090219508612922564e-03
3.755000000000000000e+03,5.609910463403749912e-06,1.527181321356153670e-04,1.264547523293617782e-04,2.497478766711748368e-03
3.760000000000000000e+03,3.656198419476098286e-06,1.157505787003404636e-04,7.809798358012475796e-05,1.975937280315790204e-03
3.765000000000000000e+03,2.352867759451983129e-06,8.669946180400508865e-05,4.725807774541411098e-05,1.529900354095179230e-03
3.770000000000000000e+03,1.494061177477218052e-06,6.417888788815413444e-05,2.805623037424083630e-05,1.159087887062189813e-03
3.775000000000000000e+03,9.348513223511242349e-07,4.695374703218904022e-05,1.635739486582901548e-05,8.593278331599520613e-04
3.780000000000000000e+03,5.751582835625807433e-07,3.395426926912101869e-05,9.368830291131461063e-06,6.235638611981730427e-04
3.785000000000000000e+03,3.469572576724307971e-07,2.427493535907750301e-05,5.269554079309007241e-06,4.429985875307756614e-04
3.790000000000000000e+03,2.045419212560165395e-07,1.716389997806230756e-05,2.907090924215722123e-06,3.081917687600392195e-04
3.795000000000000000e+03,1.174380671379826339e-07,1.200783658347168541e-05,1.569921570768744758e-06,2.099674263700448517e-04
3.800000000000000000e+03,6.545103911781531224e-08,8.315362081942906939e-06,8.276986083642187275e-07,1.400454718591468534e-04
3.805000000000000000e+03,3.530479278649526166e-08,5.700552939571370908e-06,4.246625755432412083e-07,9.138341309612729464e-05
3.810000000000000000e+03,1.838795454005895351e-08,3.866975307082109565e-06,2.112616026254612662e-07,5.827157767933478598e-05
3.815000000000000000e+03,9.231640061462855305e-09,2.592259464434026525e-06,1.015092472814247729e-07,3.625709795695272519e-05
3.820000000000000000e+03,4.463141032340056516e-09,1.713373730414464630e-06,4.691474678034404351e-08,2.197546062425328764e-05
3.825000000000000000e+03,2.077264155375198705e-09,1.113046138823620160e-06,2.076581641439506670e-08,1.295190671369121163e-05
3.830000000000000000e+03,9.310679378703039816e-10,7.079326024205770866e-07,8.762095737755684684e-09,7.410932597413014998e-06
3.835000000000000000e+03,4.022401071480829482e-10,4.390075474628401972e-07,3.506200247805957013e-09,4.111028708752114923e-06
3.840000000000000000e+03,1.676990656927928143e-10,2.643225326612402410e-07,1.322380740789051025e-09,2.208458093672746212e-06
3.845000000000000000e+03,6.756057286608109873e-11,1.539107803322020903e-07,4.663177699745825917e-10,1.147982780189787327e-06
3.850000000000000000e+03,2.633166191718020285e-11,8.636661086011295888e-08,1.519665903344158373e-10,5.770738429980974938e-07
3.855000000000000000e+03,9.935688963086145364e-12,4.656306786854293499e-08,4.488813304864323582e-11,2.803943933824034388e-07
3.860000000000000000e+03,3.629749486843043772e-12,2.405691502316699067e-08,1.156403025473695166e-11,1.316248092433912491e-07
3.865000000000000000e+03,1.282931381760892936e-12,1.188539122738886744e-08,2.348313241018175616e-12,5.965839537337976706e-08
3.870000000000000000e+03,4.380730242359876829e-13,5.605285210287804414e-09,2.225077061837379223e-13,2.608644328154492571e-08
3.875000000000000000e+03,1.442183763828010828e-13,2.519786341593859450e-09,-1.057047363689819129e-13,1.099267486935261767e-08
3.880000000000000000e+03,4.566520036346265970e-14,1.078432266496712001e-09,-8.481570332616929207e-14,4.458286373443509130e-09
3.885000000000000000e+03,1.387228277302633171e-14,4.389905031783797806e-10,-3.948060813658872597e-14,1.737624275943839095e-09
3.890000000000000000e+03,4.033187706904528727e-15,1.698208884129783577e-10,-1.489747648700218645e-14,6.497751817322963604e-10
3.895000000000000000e+03,1.119743372628471039e-15,6.238754547776668941e-11,-4.933334661856988024e-15,2.327394556514909057e-10
3.900000000000000000e+03,2.962868259398970111e-16,2.175293402968966392e-11,-1.479681139264829764e-15,7.972115795300805682e-11
3.905000000000000000e+03,7.459606865052624183e-17,7.194984883111430114e-12,-4.083296776269592540e-16,2.607430666314103053e-11
3.910000000000000000e+03,1.784603007170153946e-17,2.256539185422476853e-12,-1.045996115805243225e-16,8.131763178217778922e-12
3.915000000000000000e+03,4.052421070804204248e-18,6.707958906006022916e-13,-2.500955679270727669e-17,2.415200558084273580e-12
3.920000000000000000e+03,8.726821702254914610e-19,1.889412036037071400e-13,-5.601380491744130350e-18,6.824175196820295071e-13
3.925000000000000000e+03,1.781011921690232858e-19,5.041078837536598803e-14,-1.178036391803443683e-18,1.832621906478402834e-13
3.930000000000000000e+03,3.442795052426435479e-20,1.273701224639237919e-14,-2.330469708130988360e-19,4.673886091462777657e-14
3.935000000000000000e+03,6.300922809711096006e-21,3.046902699345625459e-15,-4.341967466209540987e-20,1.131293297747462122e-14
3.940000000000000000e+03,1.091441487098875015e-21,6.899339090421720282e-16,-7.625724300758295385e-21,2.597278638780876332e-15
3.945000000000000000e+03,1.788897906466716617e-22,1.478546870960907876e-16,-1.263333883278809842e-21,5.653280818608813700e-16
3.950000000000000000e+03,2.773759530833535346e-23,2.998271218930718871e-17,-1.975217880702329547e-22,1.166125745299164706e-16
3.955000000000000000e+03,4.067972457915155954e-24,5.752440679424759460e-18,-2.915645686739350876e-23,2.278784656343103063e-17
3.960000000000000000e+03,5.642287064993989455e-25,1.044053644724080270e-18,-4.064433168434692449e-24,4.217411812745309648e-18
3.965000000000000000e+03,7.400369157478872338e-26,1.792391963406873790e-19,-5.351837698827500917e-25,7.390314264449317190e-19
3.970000000000000000e+03,9.177707939636462716e-27,2.910302550438084426e-20,-6.657523968523397418e-26,1.225907753111094975e-19
3.975000000000000000e+03,1.076133146900373766e-27,4.468878430562853430e-21,-7.824939478795910775e-27,1.924626275333141390e-20
3.980000000000000000e+03,1.192949978909219728e-28,6.489014444227630086e-22,-8.690521772560928214e-28,2.859265041963760313e-21
3.985000000000000000e+03,1.250203102738759354e-29,8.909372326274178837e-23,-9.120848510379234490e-29,4.018979142083663554e-22
3.990000000000000000e+03,1.238574087779729711e-30,1.156579298304601062e-23,-9.046263230734690924e-30,5.344060843119248849e-23
3.995000000000000000e+03,1.159925534390094136e-31,1.419510026766762775e-24,-8.479336254951250806e-31,6.721532737408232223e-24
4.000000000000000000e+03,1.026811473317950096e-32,1.647076501736691817e-25,-7.511430730804219312e-32,7.995740742738015349e-25
